https://www.tradingview.com/u/Yamit2000/,,https://www.youtube.com/channel/UCB183w1iS1mo7eKnPLP0TPg,https://twitter.com/amit_y_amit,",The quieter you become \nthe more you can hear\n(Ram Dass)"
https://www.tradingview.com/u/LibermanAsaf/,,,,
https://www.tradingview.com/u/HadarPerez/,,,,
https://www.tradingview.com/u/Mc_investor/,,,,
https://www.tradingview.com/u/yaniv-peretz/,,,,
https://www.tradingview.com/u/SharonSwingHalleluya/,https://www.facebook.com/SWING-Halleluya-1507818635914032/,,,拽专住 住专 住 专  转专 砖专.\r\n拽专住 拽  10 转    驻专.\r\n转 专 注 转驻转 拽爪 转.\r\n驻专 住驻 : 砖专 注 住'专 驻住拽\r\n拽砖专 驻住 :  https://www.facebook.com/swing.halleluya.9\r\nSHARON SWING HALLE
https://www.tradingview.com/u/nen6000/,,,,
https://www.tradingview.com/u/AVIHANOUNA/,,,https://twitter.com/ICT1AVI,
https://www.tradingview.com/u/RoniPesach/,,https://www.youtube.com/channel/UC1PfS80ILCnGI-r7m18Gu1Q,,专 驻住 - Roni Pesach\n\n驻专 注 住转 转转  砖 拽 爪专 拽砖专 - 058-5660524 \n\n WallStreet-sharke.academy 
https://www.tradingview.com/u/Omri_Chen1988/,,,,
https://www.tradingview.com/u/Marubozu/,https://www.facebook.com/marubozuok/,,https://twitter.com/marubozuok, 专 爪 拽  专 砖 专 注专 住\n\nmarubozu - 住专 转拽 砖拽  (转 )\nhttps://www.facebook.com/groups/marubozu/\nhttps://www.facebook.com/marubozuok/\nhttps://www.youtube.com/channel/UCmthBsyEulbNJgBqMMH7sFg
https://www.tradingview.com/u/dov1007/,,,,
https://www.tradingview.com/u/Maor_C/,,,https://twitter.com/Maor_C,
https://www.tradingview.com/u/UZI_COHEN/,https://uzfxcryptopage.ravpage.co.il/uz-fx-crypto,,,转专 砖:\nhttps://uzfxcryptopage.ravpage.co.il/uz-fx-crypto\n\n注专抓 专  : \nhttps://t.me/Uziasaftradingideas
https://www.tradingview.com/u/ozo1/,,,,
https://www.tradingview.com/u/Butterfly_effects/,,https://www.youtube.com/channel/UCKyR_KvkYEsuBUv19UWTE3Q,https://twitter.com/ButterflyETrade,
https://www.tradingview.com/u/YuvalBenHur1/,,https://www.youtube.com/channel/UCCqZYysamRltCpcVRR0l2gw,https://twitter.com/itsyuvalbenhur,
https://www.tradingview.com/u/erezlevi2580/,,,,
https://www.tradingview.com/u/eyal676/,,,https://twitter.com/eyal_eyal676,
https://www.tradingview.com/u/hameotetet/,https://www.hameotetet.co.il/,,,
https://www.tradingview.com/u/shaygottlib/,,,https://twitter.com/ShayTheHaapyMan,
https://www.tradingview.com/u/Smart-tradeIL/,https://www.smartradeil.co.il/,https://www.youtube.com/channel/UC-9Pste8BK16PCGgXkN_ZFw,,"转 专 - 住专 专, 专  住专 砖拽注转 转\n\n转专 专:\nhttps://www.smartradeil.co.il\n\n注专抓 :\nhttps://bit.ly/Smartrade-Youtube\n\n拽爪转 驻住拽:\nhttps://bit.ly/Smartrade-FB-group\n\n住 拽转 住专:\nhttp://bit.ly/Smart-Community"
https://www.tradingview.com/u/tony_hirsh/,,,https://twitter.com/TonyHirsh,
https://www.tradingview.com/u/ido01shabo/,,,,
https://www.tradingview.com/u/tsippi100/,,,https://twitter.com/Tsippiw,
https://www.tradingview.com/u/danibiz1/,,,https://twitter.com/danibiz_,
https://www.tradingview.com/u/Nejim/,,,https://twitter.com/NejimGh,
https://www.tradingview.com/u/Dimagafonov93/,,,,
https://www.tradingview.com/u/Eit_/,,,,
https://www.tradingview.com/u/albert770/,,,,
https://www.tradingview.com/u/liorparente/,,,,
https://www.tradingview.com/u/daniel_ben_abu/,,,,
https://www.tradingview.com/u/baryadid1983/,,,,
https://www.tradingview.com/u/Zohar_Leibovich/,http://zohartrade.com,,https://twitter.com/ZoharTrade,Zohar liebovich - The ARTistry of Trading\n转 转 住专 砖拽 \nwww.zohartrade.com
https://www.tradingview.com/u/shlomitetro/,,,,https://www.facebook.com/Tetrotrade-%D7%9C%D7%9C%D7%9E%D7%95%D7%93-%D7%9C%D7%A1%D7%97%D7%95%D7%A8-%D7%A0%D7%9B%D7%95%D7%9F-466528810435374
https://www.tradingview.com/u/Ah26/,,,,
https://www.tradingview.com/u/avieldavid111/,,,https://twitter.com/Aviel86232752,
https://www.tradingview.com/u/avitel72/,,,,
https://www.tradingview.com/u/yossimor83/,,,,
https://www.tradingview.com/u/ofir.sharko/,,,https://twitter.com/ofirsharko,
https://www.tradingview.com/u/avrahamalesa120/,,,,
https://www.tradingview.com/u/SmartViewInvestors/,,,https://twitter.com/IdanSmartView,
https://www.tradingview.com/u/gonenzinger/,,,,
https://www.tradingview.com/u/yuvals123/,,,,
https://www.tradingview.com/u/Szohori2000/,,,,
https://www.tradingview.com/u/barrahmany12/,,,,
https://www.tradingview.com/u/zevi1010/,,,https://twitter.com/Zeevtelor,
https://www.tradingview.com/u/aviad1881/,,,,
https://www.tradingview.com/u/SidCdd/,,,,
https://www.tradingview.com/u/Matan_The1/,https://www.facebook.com/groups/100765133353637/,,https://twitter.com/MatanThe1,爪专祝 拽爪转 转   砖专 \r\nhttps://www.facebook.com/groups/100765133353637/
https://www.tradingview.com/u/mmeir/,,,,
https://www.tradingview.com/u/chatboostisrael/,,,,
https://www.tradingview.com/u/eldad79/,,,https://twitter.com/EldadAharon,
https://www.tradingview.com/u/shaza1712/,,,,
https://www.tradingview.com/u/elonezra1995/,,,,
https://www.tradingview.com/u/BarakSapir/,,,,
https://www.tradingview.com/u/DolevR/,,,https://twitter.com/DolevRavid,
https://www.tradingview.com/u/ran770/,,,https://twitter.com/ran770,
https://www.tradingview.com/u/yair_rotnemer/,,,https://twitter.com/rwtnmr,
https://www.tradingview.com/u/Meir79/,,,,
https://www.tradingview.com/u/ROMLUCK/,,,https://twitter.com/ROM78725069,
https://www.tradingview.com/u/eldad2305/,,,,
https://www.tradingview.com/u/elyashiv/,,,,
https://www.tradingview.com/u/meir85010/,,https://www.youtube.com/channel/UCtJ1KC1kKopCNic9gh69Y8A,https://twitter.com/meirbarak,
https://www.tradingview.com/u/CryptoBenis/,,,https://twitter.com/bennisimm,
https://www.tradingview.com/u/hhhh102/,,,,
https://www.tradingview.com/u/yedidyakalfa/,,,,
https://www.tradingview.com/u/UnknownUnicorn21423232/,,,,
https://www.tradingview.com/u/lirangabsi78/,,,,
https://www.tradingview.com/u/IdoBurla/,,,,
https://www.tradingview.com/u/amiralon/,,,,
https://www.tradingview.com/u/yonatan63885/,,,,
https://www.tradingview.com/u/Professional_Crypto_Analytics/,,,,
https://www.tradingview.com/u/Dvir_investment/,,,,
https://www.tradingview.com/u/hensarusi/,,,,
https://www.tradingview.com/u/dkrisi1/,,,,
https://www.tradingview.com/u/igorprc/,,,,
https://www.tradingview.com/u/JacobTradeBull/,,,,
https://www.tradingview.com/u/oriperetz1998/,,,,
https://www.tradingview.com/u/UnknownUnicorn6867619/,,,,
https://www.tradingview.com/u/a66u66/,,,,
https://www.tradingview.com/u/YossiCohen/,,https://www.youtube.com/channel/UC6lB6nRc07Xd0fYCbSKCXfw,,
https://www.tradingview.com/u/DeadPool_J/,,,,
https://www.tradingview.com/u/haim007/,,,,
https://www.tradingview.com/u/haimbaran/,,,https://twitter.com/Haimbaran4,
https://www.tradingview.com/u/hartk1994/,,,,
https://www.tradingview.com/u/ilanaflalo/,,,,
https://www.tradingview.com/u/israel234/,,,,
https://www.tradingview.com/u/asafsh77/,,,,
https://www.tradingview.com/u/pureplanet/,,,,
https://www.tradingview.com/u/cyber-god/,,https://www.youtube.com/channel/UCjDDVo5RRdjr9noaVTF88jA,,
https://www.tradingview.com/u/shay_david/,,,,
https://www.tradingview.com/u/razbenmoshe/,,,,
https://www.tradingview.com/u/guymizrahi/,,https://www.youtube.com/channel/UCwaNd-ea4WjcyksQFbAnO8Q,,
https://www.tradingview.com/u/danielavital/,,,,
https://www.tradingview.com/u/crypton-israel/,,,,
https://www.tradingview.com/u/liormeitar/,,,,
https://www.tradingview.com/u/sh111/,,,,
https://www.tradingview.com/u/yanivshmoel/,,,,
https://www.tradingview.com/u/Esterkin/,,,,
https://www.tradingview.com/u/afikellouk/,,,,
https://www.tradingview.com/u/taltol992/,,,https://twitter.com/tal_bahar,
https://www.tradingview.com/u/LordOfTheGap/,,,,
https://www.tradingview.com/u/refael00111/,,,https://twitter.com/refael00111,
https://www.tradingview.com/u/PabloLevin/,,,,
https://www.tradingview.com/u/nir83257/,,,https://twitter.com/SeoNearme,
https://www.tradingview.com/u/yonatan114455/,,,,
https://www.tradingview.com/u/mansh/,,,https://twitter.com/manshir77,
https://www.tradingview.com/u/Emilioswing22/,,,,
https://www.tradingview.com/u/Psyaa/,,,,
https://www.tradingview.com/u/alfamrn266/,,,,
https://www.tradingview.com/u/InvestPsycho/,,,,
https://www.tradingview.com/u/omrialt/,,,,
https://www.tradingview.com/u/benny472/,,,,
https://www.tradingview.com/u/eliavbenhamo1409/,,,,
https://www.tradingview.com/u/IanFlorent/,,,,
https://www.tradingview.com/u/RLAGA1995/,,,,
https://www.tradingview.com/u/StocksHunter/,,https://www.youtube.com/channel/UC6mNzjcMJoXcXhIvJvyZI2Q,https://twitter.com/TFartuk,
https://www.tradingview.com/u/OriaReichart/,,,,
https://www.tradingview.com/u/Ram_Gazit/,,,,
https://www.tradingview.com/u/dvirher/,,,,
https://www.tradingview.com/u/alexdolev/,,,,
https://www.tradingview.com/u/DDStock/,,https://www.youtube.com/channel/UCKbkxWhYPwCz5ZG2-W5I_GA,,
https://www.tradingview.com/u/MentaliCoach-ShaharCarmi/,,https://www.youtube.com/channel/UCbf7UrOcLSOuASpIu9mAvrw,,
https://www.tradingview.com/u/Commodity_Whisperer/,,,,
https://www.tradingview.com/u/gsasasa01/,,,,
https://www.tradingview.com/u/daveinvest8/,,,https://twitter.com/TheFreedomInve2,"Leave a comment\n\n* There is no buy / sell recommendation in the aforesaid ,\n*  专 爪转 拽挚 / 专 \n\n\nTwitter: thefreedominve2"
https://www.tradingview.com/u/LiorGal942/,,,,
https://www.tradingview.com/u/MoshikoYazdi/,,,,
https://www.tradingview.com/u/Roy_Perelman/,,,,
https://www.tradingview.com/u/AsafSh/,,,,
https://www.tradingview.com/u/danielsh1010/,,,,
https://www.tradingview.com/u/meni8021/,,,,
https://www.tradingview.com/u/barshaulian/,,,,
https://www.tradingview.com/u/Trader555st/,,https://www.youtube.com/channel/UCOMjt_ynNqi2MR9ZGiNRX1w,,https://bigshotnews.net/
https://www.tradingview.com/u/Nevo_Nadav/,,,,
https://www.tradingview.com/u/db0abe40c5d44beb8c59e1c056d9ca/,,,,
https://www.tradingview.com/u/jadies/,,,,
https://www.tradingview.com/u/oridekel/,,,,
https://www.tradingview.com/u/yuvalzigron/,,,,
https://www.tradingview.com/u/Dr_Chester/,,,https://twitter.com/Dr__Chester,
https://www.tradingview.com/u/tamirnili/,,,,
https://www.tradingview.com/u/flatow/,,,,
https://www.tradingview.com/u/Nadav12/,,,,
https://www.tradingview.com/u/odedi/,,,https://twitter.com/odedgish10,
https://www.tradingview.com/u/tamirsasi/,,,,
https://www.tradingview.com/u/magid10/,,,,
https://www.tradingview.com/u/yohai_mazoz/,,,,
https://www.tradingview.com/u/GilShmuely/,,,,
https://www.tradingview.com/u/baraks9/,,,,
https://www.tradingview.com/u/taishrk/,,,,
https://www.tradingview.com/u/noname2030/,,,,
https://www.tradingview.com/u/segevr/,,,,
https://www.tradingview.com/u/adirnisim/,,,,
https://www.tradingview.com/u/TIKITAKAAFFILIATE2020/,,,,
https://www.tradingview.com/u/DavidAbitbol/,,,,
https://www.tradingview.com/u/Slavash/,,,,
https://www.tradingview.com/u/liormoh/,,,,
https://www.tradingview.com/u/Be-Aware/,,,,
https://www.tradingview.com/u/lirankeidar182/,,,,
https://www.tradingview.com/u/Adirs/,,,,
https://www.tradingview.com/u/TradingIL/,,,,
https://www.tradingview.com/u/SHALEVATOUN/,,,,
https://www.tradingview.com/u/nirvaxal/,,,,
https://www.tradingview.com/u/DavidNolan/,,,https://twitter.com/DavidNo36432631,
https://www.tradingview.com/u/ganalyst7/,,,,
https://www.tradingview.com/u/Shawn_Trading_Mentalist/,,,,
https://www.tradingview.com/u/YarivBar/,,,,
https://www.tradingview.com/u/naftalig1990/,,,,
https://www.tradingview.com/u/SnipingRabbit/,,,,
https://www.tradingview.com/u/matancrd/,,,,
https://www.tradingview.com/u/rafiash/,,,https://twitter.com/AshkenaziRafi,
https://www.tradingview.com/u/royasraf/,,,https://twitter.com/roy_asraf,
https://www.tradingview.com/u/OfirAtias/,,,,
https://www.tradingview.com/u/Nadavdaav3/,,,,
https://www.tradingview.com/u/Samuel12_1980/,,,https://twitter.com/shmulic12,
https://www.tradingview.com/u/iKARi_capital/,,,,
https://www.tradingview.com/u/yoram27/,,,,
https://www.tradingview.com/u/neeman121/,,,,
https://www.tradingview.com/u/eilonlevy/,,,,
https://www.tradingview.com/u/alex0504222/,,,,
https://www.tradingview.com/u/ofirsom/,,,,
https://www.tradingview.com/u/razgamliel/,,,,
https://www.tradingview.com/u/panickyPear28258/,,,,
https://www.tradingview.com/u/IluhaW/,,,,
https://www.tradingview.com/u/AsafSchreiber/,,,https://twitter.com/standards_pro,
https://www.tradingview.com/u/kobirav2/,,,,
https://www.tradingview.com/u/vitalimiron/,,,,
https://www.tradingview.com/u/ohad6789/,,,,
https://www.tradingview.com/u/aviph/,,,,
https://www.tradingview.com/u/Bar345/,,,,
https://www.tradingview.com/u/Yossi1/,,,,
https://www.tradingview.com/u/kevinfel/,,,,
https://www.tradingview.com/u/Sshushan/,,,,
https://www.tradingview.com/u/GmoneyTrade/,,,,
https://www.tradingview.com/u/Ishechterr/,,,,
https://www.tradingview.com/u/ofeki/,,,,
https://www.tradingview.com/u/NevoItzhaki/,,,,
https://www.tradingview.com/u/kfirbenhamo/,,,,
https://www.tradingview.com/u/ben-geyn/,,,,
https://www.tradingview.com/u/NessrFX/,,,,
https://www.tradingview.com/u/UnknownUnicorn3254010/,,,,
https://www.tradingview.com/u/Danielevin/,,,,
https://www.tradingview.com/u/ALON2000/,,,,
https://www.tradingview.com/u/liorzuk/,,,,
https://www.tradingview.com/u/UnknownUnicorn3944617/,,,,
https://www.tradingview.com/u/Lifestrader/,,,https://twitter.com/lifestrader,
https://www.tradingview.com/u/derey/,,,,
https://www.tradingview.com/u/DrBenana/,,,,
https://www.tradingview.com/u/Tati46/,,,,
https://www.tradingview.com/u/Orenv/,,,,
https://www.tradingview.com/u/orglaizer/,,,,
https://www.tradingview.com/u/shnagr/,,,,
https://www.tradingview.com/u/netanelu/,,,,
https://www.tradingview.com/u/ranitel/,,,,
https://www.tradingview.com/u/eladosB/,,,,
https://www.tradingview.com/u/spiky972/,,,,
https://www.tradingview.com/u/shonshlomo/,,,,
https://www.tradingview.com/u/YehudaBaruch/,,,,
https://www.tradingview.com/u/niv_shamsian/,,,,
https://www.tradingview.com/u/gorillaforex/,,,,
https://www.tradingview.com/u/yossiko/,,,,
https://www.tradingview.com/u/RafaelZioni/,,,,
https://www.tradingview.com/u/MrTw/,,,,
https://www.tradingview.com/u/mark.yashayev/,,,,
https://www.tradingview.com/u/Anonymous119/,,,,
https://www.tradingview.com/u/GalItskovich/,,,https://twitter.com/TraderSnp,
https://www.tradingview.com/u/sakazi10199/,,https://www.youtube.com/channel/UCe97fPAt8qMCmuluMU-H1RQ,https://twitter.com/TangiblesNFT,
https://www.tradingview.com/u/Itay373/,,,,
https://www.tradingview.com/u/erez7770/,,,,
https://www.tradingview.com/u/timurfaiazov/,,,,
https://www.tradingview.com/u/TalGolde/,,,,
https://www.tradingview.com/u/noamkeissar/,,,,
https://www.tradingview.com/u/DavidShagabaev/,,,https://twitter.com/DavidShagabaev,
https://www.tradingview.com/u/danni24/,,,,
https://www.tradingview.com/u/Zivic/,,,,
https://www.tradingview.com/u/shaishemtov1122/,,,,
https://www.tradingview.com/u/yair8140/,,,https://twitter.com/yair8140,
https://www.tradingview.com/u/royimalc6137/,,,,
https://www.tradingview.com/u/havazelet_capital/,,,,
https://www.tradingview.com/u/iAtiya/,,,,
https://www.tradingview.com/u/Stompy1942/,,,https://twitter.com/Stompy1942,
https://www.tradingview.com/u/hananma/,,,,
https://www.tradingview.com/u/srbels/,,,,
https://www.tradingview.com/u/ilia1131/,,,,
https://www.tradingview.com/u/LIDORNURIEL/,,,,
https://www.tradingview.com/u/Danielkol123/,,,,
https://www.tradingview.com/u/bigrediska/,,,,
https://www.tradingview.com/u/etai1991/,,,,
https://www.tradingview.com/u/Bitcollege/,,,,
https://www.tradingview.com/u/orenaamit/,,,https://twitter.com/Portan_co_il,
https://www.tradingview.com/u/v802000/,,,,
https://www.tradingview.com/u/whaletuvia/,,,,
https://www.tradingview.com/u/DavidRah/,,,,
https://www.tradingview.com/u/AmsalemShimon/,,,,
https://www.tradingview.com/u/NoamMizrachi/,,,,
https://www.tradingview.com/u/ITAMARVANU/,,,,
https://www.tradingview.com/u/bensam282/,,,,
https://www.tradingview.com/u/TradeTribe/,,,,
https://www.tradingview.com/u/shyossy/,,,,
https://www.tradingview.com/u/ohadf2015/,,,,
https://www.tradingview.com/u/danigor/,,,https://twitter.com/Danigor,
