https://www.tradingview.com/u/edazahan/,,,,
https://www.tradingview.com/u/erysam/,,,,
https://www.tradingview.com/u/Meem/,,,,
https://www.tradingview.com/u/Goldanalysis/,https://my.weltrade.com/?r1=ipartner&r2=33258,,,Dapatkan analisa Gold setiap hari percuma di website kami https://analisagold.com\r\n\r\nBelajar percuma setiap hari isnin hingga jumaat di facebook https://www.facebook.com/WeltradeMY atau di https://www.facebook.com/Weltrademalaysia
https://www.tradingview.com/u/croqster/,,,https://twitter.com/CroqsterK,
https://www.tradingview.com/u/calvincychin/,,,,
https://www.tradingview.com/u/Majalahtrader/,https://majalahtrader.com,,https://twitter.com/WeltradeMY,https://majalahtrader.com\r\nhttps://weltrade.com.my\r\n\r\nhttps://www.youtube.com/c/WeltradeMalaysia\r\n\r\nUSDT TRC20\r\nTXLXomnKdkFVsEgMrwiMH6VBFQMxeNa8Qv
https://www.tradingview.com/u/ABUSHAHID/,,https://www.youtube.com/channel/UCVDaEtoeqfSBfx5-Lw_Dz9A,,
https://www.tradingview.com/u/Nadjmi/,,,,
https://www.tradingview.com/u/F959/,,,,
https://www.tradingview.com/u/Mr_Macgyver/,,,,
https://www.tradingview.com/u/gjh101314/,,,https://twitter.com/gjh101314,
https://www.tradingview.com/u/Pak_Din/,,,,
https://www.tradingview.com/u/ashrafngaidin/,,,https://twitter.com/alternateashraf,
https://www.tradingview.com/u/Dukun_Trader/,,,https://twitter.com/JohnSmith3019,
https://www.tradingview.com/u/wokyoh/,,,,
https://www.tradingview.com/u/MAAMTraderMuhamadAsrul/,,,https://twitter.com/MuhamadAsrulAb1,
https://www.tradingview.com/u/burungpekaka6/,,,,
https://www.tradingview.com/u/DrRafidah/,https://www.facebook.com/EPRAFindicator/,,https://twitter.com/dr_rafidah,"EPRAF indicators - Labur dengan Tenang, Inshaa Allah kita boleh Menang.\n\nt.me/epraf"
https://www.tradingview.com/u/TraDerBiskutMaZola/,,,https://twitter.com/@TraDerMaZola,
https://www.tradingview.com/u/MikeL8888/,,,,
https://www.tradingview.com/u/iqramidris92/,,,https://twitter.com/iqramidris,
https://www.tradingview.com/u/jefepal39/,,,,
https://www.tradingview.com/u/Jswong123/,,,,
https://www.tradingview.com/u/bursathreesixty/,,,,
https://www.tradingview.com/u/abid99/,,,,
https://www.tradingview.com/u/ART_KING/,,,https://twitter.com/@arttrader21,
https://www.tradingview.com/u/Hafiz_fx/,,,,
https://www.tradingview.com/u/Amirul_Hakim11/,,,,
https://www.tradingview.com/u/Aieyee/,,https://www.youtube.com/channel/UCquahBF3iWvW1lQ72RdX7QQ,,
https://www.tradingview.com/u/jarodpretender/,,,https://twitter.com/IbnJaaffar,
https://www.tradingview.com/u/syafqqs/,,,,
https://www.tradingview.com/u/Faizfathi07/,,,https://twitter.com/faizfathi07,
https://www.tradingview.com/u/hariz90/,,,,
https://www.tradingview.com/u/shahidah_sf/,,,https://twitter.com/FzShahidah,
https://www.tradingview.com/u/arazakngah/,,,https://twitter.com/oohyess,
https://www.tradingview.com/u/luqmanwb/,,,,
https://www.tradingview.com/u/acotpd/,,,,
https://www.tradingview.com/u/eizan_fiq/,,,,
https://www.tradingview.com/u/arshad1986/,,,,
https://www.tradingview.com/u/Rioe/,,https://www.youtube.com/channel/UCAVkpn_hRhUzfDMXeKHQ0_g,https://twitter.com/Rioe_Officiall,
https://www.tradingview.com/u/apizone86/,,,,
https://www.tradingview.com/u/bookmapgold/,http://www.weltrade.com.my,https://www.youtube.com/channel/UClUHYCMfSpQexT0Ay_Zs-hw,https://twitter.com/EpitfxTrader,www.weltrade.com.my
https://www.tradingview.com/u/Hud_Hud/,,,,Telegram :  https://t.me/HudHud_admin\nTelegram Alert Saham : https://t.me/hudhudalert_vf\nTV Indicator : https://my.tradingview.com/u/Hud_Hud/#published-scripts
https://www.tradingview.com/u/lemylockhart/,,,https://twitter.com/lemylockhart,
https://www.tradingview.com/u/nazmibhassan/,,,https://twitter.com/NazmiBHassan,
https://www.tradingview.com/u/eizaaz90/,,,https://twitter.com/MeorEizaaz,
https://www.tradingview.com/u/FauziSaham/,,,,
https://www.tradingview.com/u/RasyidMasran/,,,,
https://www.tradingview.com/u/angrytrader707/,,,https://twitter.com/@thisis_zharif,
https://www.tradingview.com/u/myadiyyusoff/,,,,
https://www.tradingview.com/u/graysonchin/,,,,
https://www.tradingview.com/u/jazmie/,,,,
https://www.tradingview.com/u/akmy/,,,,
https://www.tradingview.com/u/dnshnzm/,,,https://twitter.com/dnshnzm_,
https://www.tradingview.com/u/MatSmiley/,,,,
https://www.tradingview.com/u/hfzzbd/,,,,
https://www.tradingview.com/u/mahyuddinmustafa/,,,https://twitter.com/Yudiefx,
https://www.tradingview.com/u/Mursyid/,,,,
https://www.tradingview.com/u/kaineki/,,,,
https://www.tradingview.com/u/MattLok/,,,,
https://www.tradingview.com/u/Syahmi_Hassim/,,,,
https://www.tradingview.com/u/vinnhaziq_tradersclub/,,,,
https://www.tradingview.com/u/Shafawi/,,,,
https://www.tradingview.com/u/Cryptorain17/,,,https://twitter.com/azrin1185,
https://www.tradingview.com/u/miey9757/,,,,
https://www.tradingview.com/u/taufikmukhtar90/,,,,
https://www.tradingview.com/u/Radicaldotmy/,,https://www.youtube.com/channel/UCzQe2te5eAkW75KfBBvdDRg,https://twitter.com/radicaldotmy,
https://www.tradingview.com/u/matshah30/,,,,
https://www.tradingview.com/u/jejaka_biz/,,,https://twitter.com/zuzfeed,
https://www.tradingview.com/u/hazwan_7/,,,,
https://www.tradingview.com/u/UnknownUnicorn2898427/,,,,
https://www.tradingview.com/u/amrkipas/,,,,
https://www.tradingview.com/u/Jaka696/,,,,
https://www.tradingview.com/u/aminurr/,,,,
https://www.tradingview.com/u/BursaSurvival/,,,,
https://www.tradingview.com/u/omstraders88/,,,,
https://www.tradingview.com/u/NotaSahamMuna/,,,,
https://www.tradingview.com/u/SevenStone_SmartTrade/,,,,
https://www.tradingview.com/u/mni1975/,,,,
https://www.tradingview.com/u/liyafendi/,,,,
https://www.tradingview.com/u/imranihsan/,,,,
https://www.tradingview.com/u/edibasar/,,,,
https://www.tradingview.com/u/HarvardChin/,,,,
https://www.tradingview.com/u/midaidris/,,,,
https://www.tradingview.com/u/mdfaizi1085/,,,https://twitter.com/mdfaizi1085,
https://www.tradingview.com/u/Rockersgeng/,,,https://twitter.com/Rockersgeng,
https://www.tradingview.com/u/khaisaham/,,https://www.youtube.com/channel/UC804bVfow8qbBptbovaRsKQ,https://twitter.com/khairulazlan93,
https://www.tradingview.com/u/mni75/,,,,
https://www.tradingview.com/u/zaharwa/,,,https://twitter.com/zaharwa,
https://www.tradingview.com/u/denAbahkaw/,,,https://twitter.com/abuhanifilham,
https://www.tradingview.com/u/SNIPERMILLION/,,,,
https://www.tradingview.com/u/Heldi_Bullrun/,,,https://twitter.com/Heldinor1,
https://www.tradingview.com/u/ap8forexchange/,,,https://twitter.com/ap8forexchange,
https://www.tradingview.com/u/muhaiminrosman/,,,,
https://www.tradingview.com/u/aizatshfq/,,,https://twitter.com/aizatshfq,
https://www.tradingview.com/u/oman2021/,,,,
https://www.tradingview.com/u/BBCHIMASTO/,,,https://twitter.com/faisalrahman74,
https://www.tradingview.com/u/naa91/,,https://www.youtube.com/channel/UCGwuFvLU2cLgLmHz5osDOcA,https://twitter.com/AfiqahKhosim,
https://www.tradingview.com/u/romath90/,,,,
https://www.tradingview.com/u/naimmp98/,,,,
https://www.tradingview.com/u/MuhammadAlTrader/,,,,
https://www.tradingview.com/u/SaifudinLotepi/,,,,
https://www.tradingview.com/u/redza_a/,,,https://twitter.com/TheRedz_,
https://www.tradingview.com/u/Ademnism/,,,https://twitter.com/ademnism,
https://www.tradingview.com/u/traderbertaqwa/,,,,
https://www.tradingview.com/u/Jonny80i/,,,https://twitter.com/sm4na_trader,
https://www.tradingview.com/u/hilmannawi/,,,https://twitter.com/HilmanNawi,
https://www.tradingview.com/u/alifakmal000/,,,,
https://www.tradingview.com/u/Ggktrader1618/,,,,
https://www.tradingview.com/u/PakNgahTrader/,,,,
https://www.tradingview.com/u/Forenggeh/,,,https://twitter.com/IzzatForjat,
https://www.tradingview.com/u/mrajinico/,,,,
https://www.tradingview.com/u/AkmalAizuddinAl-Banjari/,,,,
https://www.tradingview.com/u/lutfifitri/,,,https://twitter.com/l_lutfifitri,
https://www.tradingview.com/u/hafizias/,,,,
https://www.tradingview.com/u/Ajieistrue/,,,,
https://www.tradingview.com/u/OppaFaiz/,,,https://twitter.com/OppaFaizz,
https://www.tradingview.com/u/FatinAminz/,,,,
https://www.tradingview.com/u/muzhaffarmahmud/,,,,
https://www.tradingview.com/u/abuharraz/,,,https://twitter.com/izma_qs,
https://www.tradingview.com/u/tonystarkbsimon/,,,,
https://www.tradingview.com/u/zulhafizsyam/,,,https://twitter.com/zulhafizsyam,
https://www.tradingview.com/u/tnumar/,,,,
https://www.tradingview.com/u/Amirol89/,,,https://twitter.com/AmirolHafizi,
https://www.tradingview.com/u/Dr_Al_Aarifin/,,https://www.youtube.com/channel/UCvN9ao9fNReOuqvLEam4vVw,,
https://www.tradingview.com/u/JepTrader/,,,https://twitter.com/ajefri87,
https://www.tradingview.com/u/wanizzuddin/,,,https://twitter.com/pakdin0,
https://www.tradingview.com/u/aizatt/,,,,
https://www.tradingview.com/u/shahransam/,,,,
https://www.tradingview.com/u/longzul8/,,,,
https://www.tradingview.com/u/hariffrahmat/,,,,
https://www.tradingview.com/u/AmirulAdham/,,,,
https://www.tradingview.com/u/wanshukri/,,,,
https://www.tradingview.com/u/kautsaralifath/,,,,
https://www.tradingview.com/u/BURSATRENDBANDCHART/,,https://www.youtube.com/channel/UC1GvbYWay49LH85Xp_saiiQ,https://twitter.com/BursaTrendBand,
https://www.tradingview.com/u/ridzuan1985/,,,,
https://www.tradingview.com/u/chwong82/,,,,
https://www.tradingview.com/u/Fizal_Ramli/,,,https://twitter.com/ijai_Fizal,
https://www.tradingview.com/u/AMA235/,,,,
https://www.tradingview.com/u/saifulazwan4857/,,,,
https://www.tradingview.com/u/GA8/,,,https://twitter.com/YusriSalamat,
https://www.tradingview.com/u/farizomar/,,,,
https://www.tradingview.com/u/theibnyahya/,,,,
https://www.tradingview.com/u/mdZRFmdNOR/,,,,
https://www.tradingview.com/u/apisjay/,,,,
https://www.tradingview.com/u/pedagangsahambursa/,,,,
https://www.tradingview.com/u/syakirkbb765/,,,https://twitter.com/FirasNasri7,
https://www.tradingview.com/u/TeropongBursa/,http://facebook.com/teropongbursa,https://www.youtube.com/channel/UCSABXxbC46W2sFSpPqC4jyw,,KAMARUL NIZAM\r\nFollow\r\nhttp://www.fb.com/teropongbursa - banyak perkongsian yang menarik!\r\nhttp://www.youtube.com/teropongbursa - belajar teknikal analysis dan review saham\r\nhttp://teropongbursa.my/blog\r\nWhatsapp Trainer Kamarul https://wa.me/60195262785
https://www.tradingview.com/u/zackdinz/,,,,
https://www.tradingview.com/u/muhammadzaim86/,,,,
https://www.tradingview.com/u/NikMohdZaini/,,,,
https://www.tradingview.com/u/AmmarAbdSamat/,,,https://twitter.com/AmmarAbdSamat,
https://www.tradingview.com/u/Far_Nubies_Eliottician/,,,,
https://www.tradingview.com/u/nickkkluang/,,,https://twitter.com/nickkluang,
https://www.tradingview.com/u/hafiz9433/,,,,
https://www.tradingview.com/u/fareedrafi/,,,https://twitter.com/muhamadfareed92,
https://www.tradingview.com/u/puteraferdaosi/,,,,
