https://www.tradingview.com/u/LSEMOZ2/,,,https://twitter.com/lChartist,
https://www.tradingview.com/u/baselabyad/,,,https://twitter.com/baselabyad,
https://www.tradingview.com/u/abakhalid1/,,,,
https://www.tradingview.com/u/emad_alwan/,,,https://twitter.com/emadalwan1,
https://www.tradingview.com/u/ABOBANDER1/,,,https://twitter.com/AbooTiago,
https://www.tradingview.com/u/pcdeaf/,,,https://twitter.com/Aliii_iii_iii,
https://www.tradingview.com/u/ForecastCity_Arabic/,https://www.forecastcity.com/ar,,,ÿ™ŸÜÿ®ÿ§ÿßÿ™ ÿπÿßŸÑŸäÿ© ÿßŸÑÿØŸÇÿ© ŸÑŸÄ\nüåü36 ÿ≤Ÿàÿ¨Ÿãÿß ŸÖŸÜ ÿßŸÑÿπŸÖŸÑÿßÿ™ ÿßŸÑÿ±ÿ¶Ÿäÿ≥Ÿäÿ©: 1.010.346 ŸÜŸÇÿ∑ÿ© ÿ£ÿ±ÿ®ÿßÿ≠ ŸÇŸäÿßÿ≥Ÿäÿ©\nüåü95 ŸÖÿπŸÖÿßÿ©\nüåüÿßŸÑÿ∞Ÿáÿ® ŸàÿßŸÑŸÅÿ∂ÿ© ŸàÿßŸÑŸÜŸÅÿ∑ ŸàÿßŸÑÿ∫ÿßÿ≤\nüåü ÿ£ŸÅÿ∂ŸÑ ÿßÿ≥ÿ™ÿ±ÿßÿ™Ÿäÿ¨Ÿäÿßÿ™ ÿßŸÑÿ™ÿØÿßŸàŸÑ ÿßŸÑŸÖÿ±ÿ®ÿ≠\nŸÅŸä 9 ŸÑÿ∫ÿßÿ™\nŸÖŸÜÿ∞ ÿπÿßŸÖ 2007\n\nhttps://www.forecastcity.com/ar\n\nüåüFREE Telegram t.me/forecastcity_ar
https://www.tradingview.com/u/saleh_m/,,,,
https://www.tradingview.com/u/engmaath32/,,,,
https://www.tradingview.com/u/abaliqu/,,,,
https://www.tradingview.com/u/Abukaraki/,,,https://twitter.com/abusaifFX,
https://www.tradingview.com/u/naifdan/,,,https://twitter.com/NaifAlmahabi,
https://www.tradingview.com/u/mysqlerror/,https://t.me/mysqlerrorfx,,https://twitter.com/mysqlerror,ŸÜÿ≥ÿ£ŸÑ ÿßŸÑŸÑŸá ÿßŸÑÿ™ŸàŸÅŸäŸÇ
https://www.tradingview.com/u/thesignalystarabic/,,,,
https://www.tradingview.com/u/abdulla925/,,,,
https://www.tradingview.com/u/mnaweralnop1399/,,,https://twitter.com/mnaweralnop,
https://www.tradingview.com/u/HG_ALghamdi/,,,https://twitter.com/HG_ALghamdi,
https://www.tradingview.com/u/faljassem/,,https://www.youtube.com/channel/UCwnl9I4ZV4hUwAGWs-P13Hw,https://twitter.com/faljassem,ÿ™ÿ≠ŸÑŸäŸÑ ÿßŸÑÿ∞Ÿáÿ® ÿßŸÑÿßÿ≥ÿ®ŸàÿπŸä\r\n\r\nhttps://youtu.be/hNxiUinvbFI\r\n\r\nÿ£ŸÅÿ∂ŸÑ ŸàŸÇÿ™ ŸÑÿ¥ÿ±ÿßÿ° ÿßŸÑÿ∞Ÿáÿ®\r\n\r\nhttps://www.youtube.com/watch?v=i2G7cqHuBUY&t=6\r\n\r\nŸÑÿß ÿÆÿßÿ® ŸÖŸÜ ÿßÿ≥ÿ™ÿ¥ÿßÿ±ÿå ŸÑŸÑÿØŸàÿ±ÿßÿ™ ŸàÿßŸÑÿßÿ≥ÿ™ÿ¥ÿßÿ±ÿßÿ™ ÿ≠ŸäÿßŸÉŸÖ ÿπÿßŸÑÿÆÿßÿµ
https://www.tradingview.com/u/mohamed_yousef_elziny/,,https://www.youtube.com/channel/UCWnRaIRhwmqqe-1RnjEo5jQ,,
https://www.tradingview.com/u/SaRie112/,,,https://twitter.com/ELLIOTT_WX,
https://www.tradingview.com/u/omda88/,,,https://twitter.com/Mo_Emad88,
https://www.tradingview.com/u/qshttm12/,,,,
https://www.tradingview.com/u/KCsniperscharts/,,,,
https://www.tradingview.com/u/escobar707/,,,,
https://www.tradingview.com/u/D4SROS/,,,https://twitter.com/D4SROS,
https://www.tradingview.com/u/RanimTurfa/,,,https://twitter.com/RanimTurfa,
https://www.tradingview.com/u/mansour-9/,,,https://twitter.com/mansour9,
https://www.tradingview.com/u/IraqiHawk/,,,,
https://www.tradingview.com/u/k_aljoudi/,,,,
https://www.tradingview.com/u/medolovers01/,,,,
https://www.tradingview.com/u/The-Engineer-7/,,,,
https://www.tradingview.com/u/TRAINTEM/,,,,
https://www.tradingview.com/u/1e635ca0a4ea4634b54204c600811e/,,,,
https://www.tradingview.com/u/afmfinance369/,,,,
https://www.tradingview.com/u/The_Kem00z_Trader/,,,https://twitter.com/karimkamalmoha2,
https://www.tradingview.com/u/tw9yat/,,,https://twitter.com/atmhns,
https://www.tradingview.com/u/Abo7ussain/,,,,
https://www.tradingview.com/u/dawarakenan/,,,,
https://www.tradingview.com/u/mahdiibahaa/,,,https://twitter.com/MAHDIFX1,
https://www.tradingview.com/u/AZIZ_CHART/,,,https://twitter.com/alma7ee2014,
https://www.tradingview.com/u/ismaelalhasan/,,,,
https://www.tradingview.com/u/AyedTurky/,,,,
https://www.tradingview.com/u/MtTradinglb/,,https://www.youtube.com/channel/UCS4oau5HbN2UZGgpsigc4JQ,https://twitter.com/TechMa3louma,
https://www.tradingview.com/u/romance998/,,,,
https://www.tradingview.com/u/Al-Aali/,,,,
https://www.tradingview.com/u/mouslimbt97/,,,,
https://www.tradingview.com/u/Abdolhadi_2/,,,,
https://www.tradingview.com/u/msad1114/,,,,
https://www.tradingview.com/u/zero_cold/,,,,
https://www.tradingview.com/u/Abdelmoula2005/,,,https://twitter.com/ABDELMOULA2005,
https://www.tradingview.com/u/hassanx10x/,,,,
https://www.tradingview.com/u/MrSufi/,,,https://twitter.com/MrAiSufi,Mr.Sufi ¬©
https://www.tradingview.com/u/Forex_554/,,,,
https://www.tradingview.com/u/TarekSalama/,,,,
https://www.tradingview.com/u/shimaakamal/,,,,
https://www.tradingview.com/u/msh2036/,,,,
https://www.tradingview.com/u/EconomicanalysAbdulRahman/,,,https://twitter.com/hwryta089,
https://www.tradingview.com/u/Alajmi168/,,,,
https://www.tradingview.com/u/AliSalman1972/,,,,
https://www.tradingview.com/u/m_mazen_93/,,,,
https://www.tradingview.com/u/mosta_999/,,,,
https://www.tradingview.com/u/bandersaad347/,,,,
https://www.tradingview.com/u/DOCKHALED/,,,https://twitter.com/@KSA_trader2030,
https://www.tradingview.com/u/Harmonic.Traders/,,,https://twitter.com/abdalla1973,
https://www.tradingview.com/u/w2lid/,,,,
https://www.tradingview.com/u/UpTrend9/,,,,
https://www.tradingview.com/u/SAUDIKRYPTO/,https://t.me/saudikryptoo,,https://twitter.com/SAUDIKRYPTO,@SAUDIKRYPTO
https://www.tradingview.com/u/mahmmadkhlel/,,,https://twitter.com/mahmmadkhlel,
https://www.tradingview.com/u/just_aaaa/,,,https://twitter.com/just_Aaaa,
https://www.tradingview.com/u/Arabian-horse/,,,https://twitter.com/TasiHorse,
https://www.tradingview.com/u/elaasri0000/,,,,
https://www.tradingview.com/u/yyussuf414/,,,,
https://www.tradingview.com/u/humaidak/,,,,
https://www.tradingview.com/broker/easyMarkets/,,,,
https://www.tradingview.com/u/amjedalattas/,,,,
https://www.tradingview.com/u/abdoemad/,,,,
https://www.tradingview.com/u/eyad312/,,,,
https://www.tradingview.com/u/X160/,,,,
https://www.tradingview.com/u/Murad1416/,,,https://twitter.com/h69966,
https://www.tradingview.com/u/Amalsoliman/,,,https://twitter.com/amal_soliman12,
https://www.tradingview.com/u/IsmailAbdulMeguid/,,,https://twitter.com/IsmailMeguid,
https://www.tradingview.com/u/ALI-ALQHTANI/,,,https://twitter.com/alisasa27206420,
https://www.tradingview.com/u/mkodari/,,,https://twitter.com/@_kodari,
https://www.tradingview.com/u/ahmedalkhayaat/,,,,
https://www.tradingview.com/u/hamdiiamgad/,,,,
https://www.tradingview.com/u/yousefaldlbhy/,,,,
https://www.tradingview.com/u/Mahmoud_Soliman_TTA/,,https://www.youtube.com/channel/UCqke5BEX1aDr8xgERC9QC7g,,
https://www.tradingview.com/u/Faris084/,,,https://twitter.com/faris1992,
https://www.tradingview.com/u/khalidalajmi/,,,,
https://www.tradingview.com/u/ZyadaCharts/,https://t.me/ZyadaCharts,,https://twitter.com/Zyada97493132,Telegram/ ŸÇŸÜÿßÿ™Ÿä ÿπŸÑŸâ ÿßŸÑÿ™ŸÑŸäÿ¨ÿ±ÿßŸÖ : https://t.me/ZyadaCharts
https://www.tradingview.com/u/maherDigital/,,,,
https://www.tradingview.com/u/hamadahelal747/,,,,
https://www.tradingview.com/u/boyosef/,,,,
https://www.tradingview.com/u/walidw12345/,,,,
https://www.tradingview.com/u/MoathSaleh/,,,https://twitter.com/MoathSAS,
https://www.tradingview.com/u/Yazeed_m/,,,,
https://www.tradingview.com/u/Mohammed_0_BADR/,,,,
https://www.tradingview.com/u/ALodhyani/,,,https://twitter.com/majedalodhyani,
https://www.tradingview.com/u/A7med_boghdady/,,https://www.youtube.com/channel/UCvc8TQddNyue1Y7YdtOCLMQ,https://twitter.com/Ahmed_b_zaki,
https://www.tradingview.com/u/Abdullah_2030/,,,,
https://www.tradingview.com/u/ah-alamri/,,,,
https://www.tradingview.com/u/kareemsalmaw/,,,https://twitter.com/KareemMoSalman,
https://www.tradingview.com/u/alwafi7558/,,,https://twitter.com/alwafi7558,
https://www.tradingview.com/u/moghasham/,,,https://twitter.com/netgear3344,
https://www.tradingview.com/u/salemcryp/,,,https://twitter.com/salemcryp,
https://www.tradingview.com/u/Alrawe/,,,https://twitter.com/alrawenet,ghanem.alenezi@gmail.com
https://www.tradingview.com/u/DEMAND_WAVE/,,,https://twitter.com/DEMAND_WAVE,
https://www.tradingview.com/u/ahmedzamil1995/,,,,
https://www.tradingview.com/u/Fibonacci-Signals/,https://t.me/Fibonacci_Signals,,https://twitter.com/SignalFibonacci,Join us on our Telegram channel to get real time trading signals \n\nhttps://t.me/Fibonacci_Signals\n\nhttps://twitter.com/SignalFibonacci
https://www.tradingview.com/u/iAdel/,,,https://twitter.com/iAdelAsiri,
https://www.tradingview.com/u/KareemNourElDin/,,,,
https://www.tradingview.com/u/Radfan/,,,https://twitter.com/radfan_trade,
https://www.tradingview.com/u/k_skull/,,,https://twitter.com/k_khair1,
https://www.tradingview.com/u/sjs99_/,,,https://twitter.com/sjs99_,
https://www.tradingview.com/u/Ahmed_AminEG/,,,https://twitter.com/AhmedAmin_eg,
https://www.tradingview.com/u/aliveAntelope33418/,,,,
https://www.tradingview.com/u/choudmed/,,,,
https://www.tradingview.com/u/faisal_alsubhi/,,,https://twitter.com/fns1413,
https://www.tradingview.com/u/Abdelmadjid99/,,,https://twitter.com/AbdelMadjid99,
https://www.tradingview.com/u/mwaelghobary/,,https://www.youtube.com/channel/UCKvJIjWrbFZtbV36KUqIbpQ,https://twitter.com/melghobary82,
https://www.tradingview.com/u/nawras0nawras/,,,,
https://www.tradingview.com/u/azabdulrahman/,,,,
https://www.tradingview.com/u/fahad-73/,,,,
https://www.tradingview.com/u/AmirMIssa/,,,,
https://www.tradingview.com/u/WAIL1999/,,,,
https://www.tradingview.com/u/baderalshawwaf/,,https://www.youtube.com/channel/UCS7D5mcoxCFTgn6PJ-G1NBQ,,
https://www.tradingview.com/u/kaak4466/,,,,
https://www.tradingview.com/u/Abab888/,,,,
https://www.tradingview.com/u/Aamir88/,,,,
https://www.tradingview.com/u/mmdd16452/,,,,
https://www.tradingview.com/u/mohmadxxxx/,,,,
https://www.tradingview.com/u/kacim_elloitt/,,,https://twitter.com/Kacim_elliott,
https://www.tradingview.com/u/Ahmed_alkhalidi/,,,,
https://www.tradingview.com/u/mohammed_92/,,,,
https://www.tradingview.com/u/mouslimbentebbaa/,,https://www.youtube.com/channel/UCPBE1FhkLhOGiycSIGrAPWg,https://twitter.com/ben_tebbaa,
https://www.tradingview.com/u/Hasaan3496/,,,,
https://www.tradingview.com/u/SulTaN_Options/,,,https://twitter.com/SD966,
https://www.tradingview.com/u/Casablanca05/,,,https://twitter.com/Rghariss,
https://www.tradingview.com/u/Nawaf199344/,,,https://twitter.com/sg0gw1,
https://www.tradingview.com/u/AboOmar_Alsari/,,,,
https://www.tradingview.com/u/MohammedQais/,https://msqaisfx.com/,https://www.youtube.com/channel/UCtIKbrKjyjjbFWwrw9sCKpQ,https://twitter.com/msqaisfx,ÿ£ÿ∂ŸäŸÅŸàŸÜŸä  ÿπŸÑŸâ ÿ≥ŸÜÿßÿ® ÿ¥ÿßÿ™  Snapchat! ŸÖŸÜ ÿßÿ¨ŸÑ ÿßŸÜ ŸäÿµŸÑŸÉŸÖ ŸÉŸÑ ŸÖÿß ŸäÿÆÿµ ÿßŸÑÿßÿ≥ŸàÿßŸÇ ÿßŸÑŸÖÿßŸÑŸäÿ© \nÿßÿ≥ŸÖ ÿßŸÑŸÖÿ≥ÿ™ÿÆÿØŸÖ: \nmsqaisfx91\n https://www.snapchat.com/add/msqaisfx91
https://www.tradingview.com/u/Osamalubbad2002/,,,,
https://www.tradingview.com/u/Ayman-Trading/,,,,
https://www.tradingview.com/u/ali.alsul6an/,https://alialsultan.com,https://www.youtube.com/channel/UCDSL9DXVQIeVNZbqqFfxqhg,https://twitter.com/ali_alsul6an,ÿ™ŸÜŸàŸäŸá: Ÿáÿ∞Ÿá ŸÑŸäÿ≥ÿ™ ÿ™ŸàÿµŸäÿ© ÿßŸÜŸÖÿß ÿ±ÿ§Ÿäÿ© ŸÅŸÜŸäÿ© ÿ™ÿµŸäÿ® ÿßŸà ÿ™ÿÆÿ∑ÿ¶ Ÿà ŸÇÿ±ÿßÿ± ÿßŸÑÿ®Ÿäÿπ Ÿà ÿßŸÑÿ¥ÿ±ÿßÿ° ÿÆÿßÿµ ÿ®ŸÉ Ÿàÿ≠ÿØŸÉ.
https://www.tradingview.com/u/naimokla/,,,,
https://www.tradingview.com/u/mohamedabedalrazq/,,,https://twitter.com/Mohamed64190296,
https://www.tradingview.com/u/shomraniali91/,,,,
https://www.tradingview.com/u/mhmdkreem95/,,,,
https://www.tradingview.com/u/dhom777/,,,https://twitter.com/to2023,
https://www.tradingview.com/u/l2ing/,,,,
https://www.tradingview.com/u/Nour2002/,,,,
https://www.tradingview.com/u/m-Shehab/,,,https://twitter.com/mshehab01,
https://www.tradingview.com/u/algrib0007/,,,,
https://www.tradingview.com/u/RumaihMohammed/,,,https://twitter.com/FR8iii,
https://www.tradingview.com/u/UnknownUnicorn37345681/,,,,
https://www.tradingview.com/u/shuwaierr/,,,,
https://www.tradingview.com/u/Fatmahalajmy/,,,https://twitter.com/fatmahalajmy,
https://www.tradingview.com/u/aalhees/,,,,
https://www.tradingview.com/u/Meshari5/,,,https://twitter.com/miuNsb,
https://www.tradingview.com/u/SamaritanTrader/,https://blog.chartiologist.com,https://www.youtube.com/channel/UC3CMtnB9nqB3l1dVf3LMjWA,https://twitter.com/chartiologist,
https://www.tradingview.com/u/spray202020/,,,,
https://www.tradingview.com/u/Ahmed_Alsheikh/,,,https://twitter.com/AhmedAlsheikh88,
https://www.tradingview.com/u/Nawafoh/,,,,
https://www.tradingview.com/u/s2030a/,,,,
https://www.tradingview.com/u/Elngar/,,,,
https://www.tradingview.com/u/yassinhissas3/,,,https://twitter.com/YKrarssi,
https://www.tradingview.com/u/sami1i/,,,https://twitter.com/FCB10SAMI,
https://www.tradingview.com/u/Cashu/,,,https://twitter.com/Arabicbroker,
https://www.tradingview.com/u/Ali_bin_7md/,,,https://twitter.com/Ali_bin_7md,
https://www.tradingview.com/u/pedrononb/,,,,
https://www.tradingview.com/u/Yazan304/,,,,
https://www.tradingview.com/u/ahmedelkholy58831/,,,https://twitter.com/ahmedelkholy48,
https://www.tradingview.com/u/Magnon_Tdawoul/,,,https://twitter.com/MagnonTdawoul,
https://www.tradingview.com/u/allmumayaz/,,,https://twitter.com/allmumayaz,
https://www.tradingview.com/u/kourkouni123/,,,,
https://www.tradingview.com/u/The_Real_Analyst/,,,,
https://www.tradingview.com/u/EG-FOREX/,https://t.me/+ai-_Cid3Y3U1Mzc0,,https://twitter.com/EG__FOREX,
https://www.tradingview.com/u/hasianialasidiya/,,,,
https://www.tradingview.com/u/Pharaon_Academy/,,,https://twitter.com/Mohammed_Nagui,
https://www.tradingview.com/u/thrilledCamel5707/,,,,
https://www.tradingview.com/u/hishem9/,,,,
https://www.tradingview.com/u/MO_Albalawi/,,,,
https://www.tradingview.com/u/mohammadalzoubi0/,,,https://twitter.com/mohammadAlz0ub1,
https://www.tradingview.com/u/jarrahjeza/,,,,
https://www.tradingview.com/u/halshrefgm/,,,https://twitter.com/blue_man911,
https://www.tradingview.com/u/abdullah9000/,,,https://twitter.com/GCrwon,
https://www.tradingview.com/u/trading_poutchi/,,,,
https://www.tradingview.com/u/mahmoudabdelkhalek/,,,,
https://www.tradingview.com/u/nasser5025/,,,https://twitter.com/noname00004,
https://www.tradingview.com/u/ryadhali15/,,,,
https://www.tradingview.com/u/Ibrahim82/,,,https://twitter.com/Ibrahim_Alhomud,
https://www.tradingview.com/u/kareem-lotfy/,,,,
https://www.tradingview.com/u/algazi_1/,,,https://twitter.com/algazi_1,
https://www.tradingview.com/u/hanislman1/,,,,
https://www.tradingview.com/u/ab1826/,,,https://twitter.com/ab1826,
https://www.tradingview.com/u/Obaid_Shaat/,,,https://twitter.com/Obaid_shaat,
https://www.tradingview.com/u/shamstec/,,,,
https://www.tradingview.com/u/yazan000/,,,,
https://www.tradingview.com/u/Tornedo7/,,,,
https://www.tradingview.com/u/forex_gold_signals1/,,,,
https://www.tradingview.com/u/abomalik3000/,,,https://twitter.com/AlshartLng,
https://www.tradingview.com/u/fakhroo/,,,,
https://www.tradingview.com/u/jeedoo1980/,,,,
https://www.tradingview.com/u/UnknownUnicorn31132676/,,,,
https://www.tradingview.com/u/hii3sh1161/,,,,
https://www.tradingview.com/u/CriptoAllArab/,,https://www.youtube.com/channel/UCra9eqIYJSsvXe7sVoo2-mQ,https://twitter.com/CriptoArab,
https://www.tradingview.com/u/majedalsulmi0/,,,,
https://www.tradingview.com/u/ali85sadeq/,,,https://twitter.com/Ali_sadeq22,
https://www.tradingview.com/u/saden922/,,,https://twitter.com/alrwahi922,
https://www.tradingview.com/u/meshal116/,,,https://twitter.com/RMeshal116,
https://www.tradingview.com/u/salemalmree/,,,https://twitter.com/mr_3i,
https://www.tradingview.com/u/consistentBus68500/,,,,
https://www.tradingview.com/u/majeed0606/,,,https://twitter.com/@majed_saleh0,
https://www.tradingview.com/u/Ahmed_Ragab/,,,https://twitter.com/AtRagab,
https://www.tradingview.com/u/bandar7227/,,,,
https://www.tradingview.com/u/al3asimii/,,,https://twitter.com/al3asimii,
https://www.tradingview.com/u/na9r_sa/,,,https://twitter.com/NA9R_SA,
https://www.tradingview.com/u/Zal3a/,,,https://twitter.com/A_Zal3aHesham,
https://www.tradingview.com/u/aii_16/,,,,
https://www.tradingview.com/u/hamzamilhem22/,,,,
https://www.tradingview.com/u/adelali/,,,,
https://www.tradingview.com/u/a_abadi2003/,,,https://twitter.com/snwman99,
https://www.tradingview.com/u/alzyad/,,,https://twitter.com/zyad_amen12345,
https://www.tradingview.com/u/hmvip6217/,,,https://twitter.com/akbzkthak,
https://www.tradingview.com/u/TRINDZ/,https://www.facebook.com/TrindzTraders/,,https://twitter.com/AljazzarHussain,
https://www.tradingview.com/u/ABOREEMA/,,,https://twitter.com/alialzulfawi,
https://www.tradingview.com/u/Walid_El_Bohdidi/,,,https://twitter.com/WBohdidi,
https://www.tradingview.com/u/saidcasanova/,,,,
https://www.tradingview.com/u/AppleAbade/,,,https://twitter.com/ab1dy2,
https://www.tradingview.com/u/alwailihamad1/,,,,
https://www.tradingview.com/u/MooTmakeN/,,,https://twitter.com/a6lab77,
https://www.tradingview.com/u/moamlhayder/,,,,
https://www.tradingview.com/u/md_rashed/,,,https://twitter.com/Md_Rashed1,
https://www.tradingview.com/u/elyazidalva/,,,,
https://www.tradingview.com/u/mrtaher/,,,https://twitter.com/teacher_140,
https://www.tradingview.com/u/naderelsayed2298/,,,https://twitter.com/ma155104,
https://www.tradingview.com/u/HANYADEL72/,,,,
https://www.tradingview.com/u/abo-khalid111/,,,,
https://www.tradingview.com/u/ShadyBarakat/,,https://www.youtube.com/channel/UCyAqxDmbLHsr7K6YB0ifzgw,,
https://www.tradingview.com/u/Lawrence-Sherif/,https://www.540academy.com,https://www.youtube.com/channel/UCZVzcQ679TIYkzvFOfGSm9w,https://twitter.com/Gann540,540academy.com\r\n\r\nCheck out my Twitter account \r\nhttps://twitter.com/Gann540
https://www.tradingview.com/u/ahmedhmza433/,,,,
https://www.tradingview.com/u/salah_al_bahi/,,https://www.youtube.com/channel/UCaQnQyy6Y82Ob5UYXtYpGIw,https://twitter.com/salah_al_bahi,
https://www.tradingview.com/u/fox_cypto/,,,https://twitter.com/FOXCryptoVIP1,
https://www.tradingview.com/u/mrazzam4/,,,https://twitter.com/ng4443,
https://www.tradingview.com/u/llllawtarllll/,,,https://twitter.com/AwTaR6,
https://www.tradingview.com/u/s.algassim/,,,,
https://www.tradingview.com/u/ahmedalmu/,,,,
https://www.tradingview.com/u/msm6779/,,,,
https://www.tradingview.com/u/bilalbonan65/,,,,
https://www.tradingview.com/u/Abdeelhakeemtrader/,,,https://twitter.com/Abdeelhakeem,
https://www.tradingview.com/u/Faisal1994/,,,,
https://www.tradingview.com/u/khalid-alk3ak/,,,https://twitter.com/khalidalka3ak,
https://www.tradingview.com/u/malsalloum19/,,,,
https://www.tradingview.com/u/saudyali/,,,,
https://www.tradingview.com/u/hazem44/,,,,
https://www.tradingview.com/u/aymankadasi/,,,,
https://www.tradingview.com/u/Abu_Hisham/,,,https://twitter.com/fleet_trade,
https://www.tradingview.com/u/oussamaayari113/,,,https://twitter.com/OUSSAMA69333749,
https://www.tradingview.com/u/nasser3223/,,,,
https://www.tradingview.com/u/mohamadalnakdali/,,,https://twitter.com/muhammadnakdali,
https://www.tradingview.com/u/alimajids/,,,,
https://www.tradingview.com/u/ayedon1998/,,,,
https://www.tradingview.com/u/sasa_max123456/,,,,
https://www.tradingview.com/u/Abderrahman_Belarbi/,,,https://twitter.com/Abderra71028896,
https://www.tradingview.com/u/Qussyshbat/,,https://www.youtube.com/channel/UCloxgd03_XmgfuPyJhciGQQ,https://twitter.com/qusaychart,
https://www.tradingview.com/u/ahusseinm86/,,,,
https://www.tradingview.com/u/hadhahian/,,,,
https://www.tradingview.com/u/twitter0al/,,,https://twitter.com/SaudiRetweets,
https://www.tradingview.com/u/binsoliman/,,,,
https://www.tradingview.com/u/F2isal/,,,,
https://www.tradingview.com/u/M_aljalahma/,,,,
https://www.tradingview.com/u/alsalamah1413/,,,https://twitter.com/@alsalamah1413,
https://www.tradingview.com/u/Kkhalid/,,,https://twitter.com/we_khalid11,
https://www.tradingview.com/u/Nael-CryptoTrade/,,,,
https://www.tradingview.com/u/RP_UAE7/,,,https://twitter.com/RP_UAE7,
https://www.tradingview.com/u/WALEED_ALHUMAID/,,,https://twitter.com/waleed9949,
https://www.tradingview.com/u/itntrade/,,,,
https://www.tradingview.com/u/shtawi91/,,https://www.youtube.com/channel/UCLFdNwLb2P7HYy7p45hBq5A,https://twitter.com/Shtaiwi91,
https://www.tradingview.com/u/margoog050/,,,,
https://www.tradingview.com/u/AboMoayed/,,,https://twitter.com/soliman_2374,
https://www.tradingview.com/u/MOHAMEDWORK/,,,https://twitter.com/M_FAZWICRYPTO,
https://www.tradingview.com/u/Rsmee/,,,https://twitter.com/Rsmee901,
https://www.tradingview.com/u/MahmoudAAtta/,,,,
https://www.tradingview.com/u/Ahmad_TOP/,,,https://twitter.com/MnsahTop,
https://www.tradingview.com/u/bn3on/,,,,
https://www.tradingview.com/u/Ayman_Elngar/,,,,
https://www.tradingview.com/u/mohamed_selim/,,,https://twitter.com/mohamedselimfxx,
https://www.tradingview.com/u/lnmr2001/,,,,
https://www.tradingview.com/u/zakariaTRD1/,,,,
https://www.tradingview.com/u/CryptoMarketMaker_Trade/,,https://www.youtube.com/channel/UCO4EqJ-lTG6CmrtrO1tpXqg,https://twitter.com/C_M_M_Trading,
https://www.tradingview.com/u/B1tC0in_Wh4le/,,,,
https://www.tradingview.com/u/laithe625/,,,,
https://www.tradingview.com/u/nawaf2021/,,,https://twitter.com/nawaf01043435,
https://www.tradingview.com/u/hsayniabdelaziz/,,,,
https://www.tradingview.com/u/nasseraldawsari15/,,,,
https://www.tradingview.com/u/waledjamal/,,,,
https://www.tradingview.com/u/mrgoby/,,,,
https://www.tradingview.com/u/Burhandakani/,,,,
https://www.tradingview.com/u/Dr_Ayman_Adel/,,,,
https://www.tradingview.com/u/xxlarge2000/,,,,
https://www.tradingview.com/u/salmanalharbi219/,,,,
https://www.tradingview.com/u/khalsd86/,,,,
https://www.tradingview.com/u/Dream_CHaRT20/,,,https://twitter.com/vet2022,
https://www.tradingview.com/u/FarahMouradXTBMENA/,https://www.xtb.com/ae,https://www.youtube.com/channel/UCfFoMgiwsTsSg46xo1_ON8Q,https://twitter.com/xtbarabia,
https://www.tradingview.com/u/MrOnanci/,,,https://twitter.com/MrOnanci,
https://www.tradingview.com/u/almaklmaniA1/,,,,
https://www.tradingview.com/u/dahom998/,,,,
https://www.tradingview.com/u/SayedEraqiForex/,,,https://twitter.com/sayederaqi,
https://www.tradingview.com/u/RowaynaAhmed/,,,https://twitter.com/rowayna_ahmedd,
https://www.tradingview.com/u/SAL50299/,,https://www.youtube.com/channel/UCTNJ7TN1m1Dbt-En77zwwUg,https://twitter.com/Sal50299,
https://www.tradingview.com/u/abo_hicham/,,,,
https://www.tradingview.com/u/mahdisoltaninjad/,,,https://twitter.com/@mahdisoltanin,
https://www.tradingview.com/u/maenkadiFX/,,,,
https://www.tradingview.com/u/mohammadkhantomani/,,,https://twitter.com/Mohammadkhanto6,
https://www.tradingview.com/u/Nabil22/,,,https://twitter.com/nabil_ajz,
https://www.tradingview.com/u/ALMOUSA/,,,https://twitter.com/idrees_al_shame,
https://www.tradingview.com/u/abdulglasgow/,,https://www.youtube.com/channel/UCyUDKGmS3Wq7z1I4BNu9xIQ,https://twitter.com/abdulfattah2030,
https://www.tradingview.com/u/badruness/,,,,
https://www.tradingview.com/u/ahmedabogreeda/,,,,
https://www.tradingview.com/u/hogr_kamal/,,,https://twitter.com/hogrk32,
https://www.tradingview.com/u/Q8_FOREX/,,,https://twitter.com/Q8FOREX6,
https://www.tradingview.com/u/MOHAMMADQABAS/,,,https://twitter.com/mohmmadqabas,
https://www.tradingview.com/u/YoussefNadiri20/,,,,
https://www.tradingview.com/u/cryptoeye9/,,,,
https://www.tradingview.com/u/oussamadamej/,,,,
https://www.tradingview.com/u/mohammedALmashhadani/,,,https://twitter.com/almashhadani_fx,
https://www.tradingview.com/u/Orbukhari/,,,,
https://www.tradingview.com/u/Swdawrns/,,,,
https://www.tradingview.com/u/saleh_abdalohab/,,,https://twitter.com/soll77381,
https://www.tradingview.com/u/Abunwaf/,https://www.elliottwave.com/sitecore/content/Elliott%20Wave%20International/Home/CEWA/Graduates,,https://twitter.com/EwiStocks,Abu nwaf
https://www.tradingview.com/u/cci2030/,,https://www.youtube.com/channel/UCcmEo-9X_kWlfaQjzcszGqg,https://twitter.com/gbr1010,
https://www.tradingview.com/u/AHMED_ABDALLA2021/,,,https://twitter.com/Alsayaad1121,
https://www.tradingview.com/u/marwandakane90/,,,,
https://www.tradingview.com/u/engalamri1/,,,,
https://www.tradingview.com/u/visibleLemur76029/,,,,
https://www.tradingview.com/u/UnknownUnicorn15833585/,,,,
https://www.tradingview.com/u/Mustafa_Abdel_Hadii/,,,,
https://www.tradingview.com/u/ahmadanw91/,,,,
https://www.tradingview.com/u/windos_1998/,,,https://twitter.com/windos_1998,
https://www.tradingview.com/u/swary/,,,,
https://www.tradingview.com/u/Abdalghani/,,,,
https://www.tradingview.com/u/dmiananady652/,,,,
https://www.tradingview.com/u/xxx2870/,,,,
https://www.tradingview.com/u/omarabdulaziz19/,,,,
https://www.tradingview.com/u/CryptoLawyer11/,,,https://twitter.com/MeshalOdah,
https://www.tradingview.com/u/Shaden_Ops/,,,,
https://www.tradingview.com/u/MohammadYousef/,,,,
https://www.tradingview.com/u/myksa80/,,,,
https://www.tradingview.com/u/bindalmook/,,,,
https://www.tradingview.com/u/YaZeD-/,,,,
https://www.tradingview.com/u/FxTrader5e/,,,https://twitter.com/AbdellatifERR11,
https://www.tradingview.com/u/bbitar/,,,https://twitter.com/bitarbasem,
https://www.tradingview.com/u/Miliorash/,,,https://twitter.com/Miliorash,
https://www.tradingview.com/u/OshGrp/,,,https://twitter.com/SyyahOmar,
https://www.tradingview.com/u/top-Collection/,,,,
https://www.tradingview.com/u/by_muteb/,,https://www.youtube.com/channel/UCkOIx6VwkFJLudLZz76E3xQ,https://twitter.com/by_muteb,
https://www.tradingview.com/u/mohammed_layth/,,,https://twitter.com/wahedaqr,
https://www.tradingview.com/u/Hamza_guemousse/,,,,
https://www.tradingview.com/u/alwasel3/,,,,
https://www.tradingview.com/u/iesrau/,,,,
https://www.tradingview.com/u/majed12/,,,,
https://www.tradingview.com/u/TURKITRADER/,,,,
https://www.tradingview.com/u/Qautcha/,,,,
https://www.tradingview.com/u/Aloraabi1/,,,,
https://www.tradingview.com/u/saudicarpenter/,,,,
https://www.tradingview.com/u/Joker1309/,https://www.argaam.com/,https://www.youtube.com/channel/UCZ8vWL2qRlsr46qOtEJmqRA,https://twitter.com/Joker1309,
https://www.tradingview.com/u/muneerabuhussein/,,,,
https://www.tradingview.com/u/Azx72azxx/,,,,
https://www.tradingview.com/u/mazajan/,,,https://twitter.com/mazajan20,
https://www.tradingview.com/u/kh_alkhayari/,,,https://twitter.com/kh_alkhayari,ÿÆŸäÿ±ÿßŸÜ ÿßŸÑÿÆŸäÿßÿ±Ÿä
https://www.tradingview.com/u/meshal203/,,,,
https://www.tradingview.com/u/hadi_alajmi/,,,https://twitter.com/Y096mfJglz47naE,
https://www.tradingview.com/u/baseel/,,,,
https://www.tradingview.com/u/HamadKno/,,,https://twitter.com/hmk0sh,
https://www.tradingview.com/u/momuin77/,,,,
https://www.tradingview.com/u/mohamedali980890/,,,,
https://www.tradingview.com/u/abolmes140/,,,https://twitter.com/abolmes140,
https://www.tradingview.com/u/cherfoxim12/,,,,
https://www.tradingview.com/u/khaled0130/,,,https://twitter.com/k1y1sq,
https://www.tradingview.com/u/gapamma/,,,,
https://www.tradingview.com/u/importantEagle80983/,,,,
https://www.tradingview.com/u/HAMAMBARAA/,,,,
https://www.tradingview.com/u/gherdineb/,,,,
https://www.tradingview.com/u/elnaggar2586/,,,https://twitter.com/dodo25861,
https://www.tradingview.com/u/ibn.heji/,,,https://twitter.com/ibnheji,
https://www.tradingview.com/u/VisionCo/,,,,
https://www.tradingview.com/u/pittmohamed/,,,https://twitter.com/mhamditarek6,
https://www.tradingview.com/u/Allddon/,,https://www.youtube.com/channel/UCjK34at1uf8NNVyMrrFG0Eg,https://twitter.com/Allddon,
https://www.tradingview.com/u/ASD900/,,,https://twitter.com/as3daas,
https://www.tradingview.com/u/aymnsm7/,,,,
https://www.tradingview.com/u/hasan-alshkarh/,,,https://twitter.com/ha_760,
https://www.tradingview.com/u/Yahiako/,,,,
https://www.tradingview.com/u/TarekBMW/,,,,
https://www.tradingview.com/u/mohamedoda/,,,,
https://www.tradingview.com/u/cryptodz407569/,,,https://twitter.com/DRIDIYACINE4,
https://www.tradingview.com/u/MAMOUNI/,,,,
https://www.tradingview.com/u/abdouncherif/,,,,
https://www.tradingview.com/u/AL_FAISAL/,,,https://twitter.com/faiselll1,
https://www.tradingview.com/u/AbuJmel/,,https://www.youtube.com/channel/UCoHwG_JuqxPt_HlPYt5RCcw,https://twitter.com/4x__pro,
https://www.tradingview.com/u/alibily392/,,,,
https://www.tradingview.com/u/olakhrash/,,https://www.youtube.com/channel/UCc4D9ryPoZSUhD5P8h_HrYQ,,
https://www.tradingview.com/u/Abdullah-amro/,,,,
https://www.tradingview.com/u/mrwan_1991/,,,,
https://www.tradingview.com/u/malfarra2021/,,,,
https://www.tradingview.com/u/M-alhammoud/,,,,
https://www.tradingview.com/u/jraaaa7/,,,https://twitter.com/yahiasalamri,
https://www.tradingview.com/u/Almadar/,,,,
https://www.tradingview.com/u/khdrm9152/,,,,
https://www.tradingview.com/u/joedjoed888/,,,,
https://www.tradingview.com/u/bilal_lhrs/,,,,
https://www.tradingview.com/u/yasir1986/,,,,
https://www.tradingview.com/u/alichfrcion/,,https://www.youtube.com/channel/UCYrwK-BdvRbN-Swuc-gAPeg,https://twitter.com/AbdelaliOuabi,
https://www.tradingview.com/u/sadbitcoin/,,,https://twitter.com/Royallifecrypto,
https://www.tradingview.com/u/SultanRashed/,,,https://twitter.com/Abu_Rashed_RN,
https://www.tradingview.com/u/GULFBAR/,,,https://twitter.com/GULFBAR23,
https://www.tradingview.com/u/hadiyakop001/,,,,
https://www.tradingview.com/u/Xtrader19/,,,https://twitter.com/ahmedchabou19,
https://www.tradingview.com/u/mohamedtarek12/,,,,
https://www.tradingview.com/u/m-abu-abdallah/,,,,
https://www.tradingview.com/u/mohammed204060/,,,,
https://www.tradingview.com/u/Abo-Dana/,,https://www.youtube.com/channel/UC5JeMtiVjlsUNrLpw730s4w,https://twitter.com/GoldWallet_,
https://www.tradingview.com/u/Adel.Sheikh.Mkhanek/,,,,
https://www.tradingview.com/u/jassim450/,,,,
https://www.tradingview.com/u/mesternabil8832/,,,,
https://www.tradingview.com/u/HAMSHFX/,,,,
https://www.tradingview.com/u/pshtiwan/,,,,
https://www.tradingview.com/u/bkry101/,,,,
https://www.tradingview.com/u/hindaljasser/,,,https://twitter.com/Hind_Aljasser,
https://www.tradingview.com/u/mohameed2012/,,,,
https://www.tradingview.com/u/herolegolas/,,,,
https://www.tradingview.com/u/abdeljamil/,,,,
https://www.tradingview.com/u/siradjbsa/,,,,
https://www.tradingview.com/u/ameenkahlid/,,,https://twitter.com/KahlidAmeen,
https://www.tradingview.com/u/E-Plan-Abdullah/,,,https://twitter.com/Analyst_BTC,
https://www.tradingview.com/u/ksmsg00/,,,,
https://www.tradingview.com/u/Sultan8_87/,,,https://twitter.com/s87ar1,
https://www.tradingview.com/u/garra_boy68/,,,,
https://www.tradingview.com/u/HAMZAH950000/,,,,
https://www.tradingview.com/u/excitedCraft40837/,,,https://twitter.com/alam_eldin,
https://www.tradingview.com/u/obid-34/,,,https://twitter.com/_obidallah,
https://www.tradingview.com/u/A7medDabour/,,,,
https://www.tradingview.com/u/Mohamed-Ibraheem/,,,,
https://www.tradingview.com/u/Madridy/,,,,
https://www.tradingview.com/u/dods1234/,,,,
https://www.tradingview.com/u/bhar_stocks/,,,https://twitter.com/Bhar_Stocks,
https://www.tradingview.com/u/Shireen_Mohamed/,,,https://twitter.com/Shireen40790303,
https://www.tradingview.com/u/Alia_Alahmari/,,,,
https://www.tradingview.com/u/mahmoud_elrayes/,,,,
https://www.tradingview.com/u/hasancoplus/,,,,
https://www.tradingview.com/u/TreaderAhmadMustafa/,,,,
https://www.tradingview.com/u/boucettaamine/,,,https://twitter.com/boucettaamine,
https://www.tradingview.com/u/ssag24680/,,,https://twitter.com/SaudiDictator,
https://www.tradingview.com/u/Harmonic_Trader11/,,https://www.youtube.com/channel/UCUuThwm1_jWPq_nMirooWvA,,
https://www.tradingview.com/u/fady_ramsis_bashandi_bishay/,,,,
https://www.tradingview.com/u/ccHe96/,,,https://twitter.com/CryptoJevara,
https://www.tradingview.com/u/abdgerman/,,,,
https://www.tradingview.com/u/aaaksazzz66/,,,https://twitter.com/aaaksazzz,
https://www.tradingview.com/u/saudghalkhaldi/,,,https://twitter.com/AlkhaldiSaudgh,
https://www.tradingview.com/u/REDASAMEER/,,,,
https://www.tradingview.com/u/HerView4-Sarah/,,,,
https://www.tradingview.com/u/Uzz229/,,,https://twitter.com/Uzz229,
https://www.tradingview.com/u/Faridshawqi/,,,,
https://www.tradingview.com/u/goldcrypto7/,,,,
https://www.tradingview.com/u/NaranjCapital/,,,https://twitter.com/NaranjCapital,
https://www.tradingview.com/u/faisal0k/,,,https://twitter.com/Faisalk40205565,
https://www.tradingview.com/u/Kwbtc/,,,,
https://www.tradingview.com/u/smar3227/,,,,
https://www.tradingview.com/u/oleeee8484/,,,https://twitter.com/majhad9,
https://www.tradingview.com/u/albagmy/,,,,
https://www.tradingview.com/u/mamduh2022/,,https://www.youtube.com/channel/UCglNPjlrOHiD69jKgtFCY9w,https://twitter.com/mamdoh059995,
https://www.tradingview.com/u/Simoefr/,,,,
https://www.tradingview.com/u/ABU_FARIS/,,,https://twitter.com/abu_faris9999,
https://www.tradingview.com/u/TSI-ARAB/,,https://www.youtube.com/channel/UCiEI7VNH493PrrHfHwzwuzA,https://twitter.com/Thesmart_invest,
https://www.tradingview.com/u/alqusari_yahya/,,,,
https://www.tradingview.com/u/SAuDi_Crypto/,,,https://twitter.com/Saudi4Crypto,
https://www.tradingview.com/u/rakan9591/,,,,
https://www.tradingview.com/u/mohamadattaali/,,,,
https://www.tradingview.com/u/Shekojetli/,,,,
https://www.tradingview.com/u/ammar0o0/,,,,
https://www.tradingview.com/u/Mahmoud_Salama/,,,https://twitter.com/Mahm0ud_Salama,
https://www.tradingview.com/u/BLSTAQ/,,,,
https://www.tradingview.com/u/samehsaid732/,,,,
https://www.tradingview.com/u/Ayoub_Houmam/,,,,
https://www.tradingview.com/u/Mohammed_1977/,,,https://twitter.com/@m_mtc77,
https://www.tradingview.com/u/Ghamdan_Alraeai/,,,,
https://www.tradingview.com/u/ateerkareem/,,,,
https://www.tradingview.com/u/Abdulhady-Salloum/,,,,
https://www.tradingview.com/u/alimohyaddin92/,,,,
https://www.tradingview.com/u/MAHDI-ALAMERI/,,,https://twitter.com/ashum_uae,
https://www.tradingview.com/u/Elrouby/,,,,ELROUBY
https://www.tradingview.com/u/SaMa101/,,,,
https://www.tradingview.com/u/katchoro/,,,,
https://www.tradingview.com/u/admiamine/,,,,
https://www.tradingview.com/u/ASH_Trader101/,,,https://twitter.com/traderash2,
https://www.tradingview.com/u/wahniayoub/,,,,
https://www.tradingview.com/u/bbonan3/,,,https://twitter.com/bilal87491467,
https://www.tradingview.com/u/aqarty/,,,,
https://www.tradingview.com/u/abonaif/,,https://www.youtube.com/channel/UCeQIWYnHtW8-5pdnT75vOBw,https://twitter.com/ABO_NAIF_CHART,
https://www.tradingview.com/u/TajereBartarFX/,http://tajerebartar.com,,,TajereBartar
https://www.tradingview.com/u/mamohrere/,,,,
https://www.tradingview.com/u/SAAD-ALSARI/,,,https://twitter.com/way671818789,
https://www.tradingview.com/u/Rwgan/,https://twitter.com/mLAzmF15,,https://twitter.com/mLAzmF15,
https://www.tradingview.com/u/hakimx52/,,,,
https://www.tradingview.com/u/fahad_alfadhel/,,,https://twitter.com/fh11x_,
https://www.tradingview.com/u/Hameed_Alalwan/,,,,
https://www.tradingview.com/u/zynsouhaib/,,,https://twitter.com/zynsouhaib,
https://www.tradingview.com/u/kararalobaidy/,,https://www.youtube.com/channel/UCJQ6EkqAnFJ1vyGeHyVw9Vw,,
https://www.tradingview.com/u/KHalilCHarT/,,,https://twitter.com/KHaliL_CHarT,
https://www.tradingview.com/u/Tamer332/,,,,
https://www.tradingview.com/u/salemalnazha/,,,,
https://www.tradingview.com/u/Mohamedhisham122/,,,https://twitter.com/MohamedHishamRM,
https://www.tradingview.com/u/ElGendiGoldMan/,,https://www.youtube.com/channel/UC_4YAzxG8jhRHLUcwXu-hpA,,
https://www.tradingview.com/u/tarekdou054/,,,,
https://www.tradingview.com/u/dari11/,,,https://twitter.com/dari_6,
https://www.tradingview.com/u/Almohajj/,,,,
https://www.tradingview.com/u/TradingForArab/,,https://www.youtube.com/channel/UCPJkHLLPfYyZDcF6e36zzZQ,https://twitter.com/Faisal_Nagi_,
https://www.tradingview.com/u/MarketsRadar/,,,https://twitter.com/MarketsRadar,
https://www.tradingview.com/u/waelffatal/,,,,
https://www.tradingview.com/u/Q8Xtra/,,,https://twitter.com/@Q8Xtra,
https://www.tradingview.com/u/sultan591404/,,,,
https://www.tradingview.com/u/the_Liquidity/,,,https://twitter.com/the_Liquidity,
https://www.tradingview.com/u/gehad20/,,,,
https://www.tradingview.com/u/thubitiu22/,,,https://twitter.com/i_s_i_66,
https://www.tradingview.com/u/saraabdelfattah/,,,,
https://www.tradingview.com/u/haidartalip9884/,,,,
https://www.tradingview.com/u/ISMAIL-2003/,,,,
https://www.tradingview.com/u/ayoubelhakym34/,,,,
https://www.tradingview.com/u/Sioor/,,,,
https://www.tradingview.com/u/SALEH_FZN/,,,,
https://www.tradingview.com/u/salehelsatari/,,,,
https://www.tradingview.com/u/asowahdaden/,,,,
https://www.tradingview.com/u/Jammal/,,,,
https://www.tradingview.com/u/DARKMEX/,,,,
https://www.tradingview.com/u/omarata515/,,,,
https://www.tradingview.com/u/ANTICRIPTOVENGANZA/,,https://www.youtube.com/channel/UCb41XePInXafiziSMEfs2YQ,https://twitter.com/ANTICRIPTO1,
https://www.tradingview.com/u/farahheshamm149/,,,,
https://www.tradingview.com/u/Ahmed-Bashir/,,,,
https://www.tradingview.com/u/MohamedAdel3/,,,,
https://www.tradingview.com/u/happyHawk15801/,,,,
https://www.tradingview.com/u/abdulazizka300/,,,https://twitter.com/crypto_k30,
https://www.tradingview.com/u/saif20222/,,,https://twitter.com/saif2022,
https://www.tradingview.com/u/LoayHAlArja/,,,https://twitter.com/abufarsalarja,
https://www.tradingview.com/u/ahmedtarek18/,,,,
https://www.tradingview.com/u/nawaf1994/,,,https://twitter.com/nawaf38229200,
https://www.tradingview.com/u/ahmedelmoftary66/,,,https://twitter.com/AhmedOXshare,
https://www.tradingview.com/u/khaled817/,,,,
https://www.tradingview.com/u/Ari-sabah-zn/,,,https://twitter.com/arisabahzn,
https://www.tradingview.com/u/MahmoudALm/,,,https://twitter.com/apoalm1,
https://www.tradingview.com/u/ahmedayaad/,,,,
https://www.tradingview.com/u/alzaeem7/,,,https://twitter.com/alzaeem_777,
https://www.tradingview.com/u/AFLATOON_MO/,,,https://twitter.com/@AflatoonTrader,
https://www.tradingview.com/u/gamalabdeen7/,,,,
https://www.tradingview.com/u/idlbi/,,,,
https://www.tradingview.com/u/jadha/,,,https://twitter.com/jadhariri4,
https://www.tradingview.com/u/KHO_OLIO/,,,,
https://www.tradingview.com/u/Michaeltrading5/,,,https://twitter.com/ElliottWave9,
https://www.tradingview.com/u/albardi/,,,,
https://www.tradingview.com/u/mustafamnm/,,,,
https://www.tradingview.com/u/UnknownUnicorn24720220/,,,,
https://www.tradingview.com/u/lordfbs92/,,,,
https://www.tradingview.com/u/samerabdullah/,,,,
https://www.tradingview.com/u/ahmadawada/,,,,
https://www.tradingview.com/u/ALIALASKAHR123/,,,https://twitter.com/Alizxcvbnm199,
https://www.tradingview.com/u/AhmedMHosni/,,,,
https://www.tradingview.com/u/karar9/,,,,
https://www.tradingview.com/u/shs999/,,,,
https://www.tradingview.com/u/OptionsMaster_1/,,,https://twitter.com/Abuturki6666,Email: optionstradeideas@gmail.com \r\nTelegram: https://t.me/OptionsMaster_1
https://www.tradingview.com/u/AhmedZamel/,,,,
https://www.tradingview.com/u/Elhadi_Bouazizi/,,,https://twitter.com/Elhadi_Bouazizi,
https://www.tradingview.com/u/HUSSAM11/,,,,
https://www.tradingview.com/u/fahmi20/,,https://www.youtube.com/channel/UC6SsPWPkZVa6XSzD42Te0Hg,https://twitter.com/fahmi20Trading,
https://www.tradingview.com/u/amedjad2020/,,,,
https://www.tradingview.com/u/saidouda/,,,,
https://www.tradingview.com/u/azii1iiz/,,,,
https://www.tradingview.com/u/Youness_87/,,,https://twitter.com/thepriceaction,
https://www.tradingview.com/u/CryptoBrainn/,,,https://twitter.com/CryptoBrainn,
https://www.tradingview.com/u/mohamedbenyossef/,,,https://twitter.com/Bitcoinat1,
https://www.tradingview.com/u/abdalahalhosiny/,,,,
https://www.tradingview.com/u/abu_salma/,,,https://twitter.com/quw_nawaf,
https://www.tradingview.com/u/RahmaSalim/,,,https://twitter.com/Ra7o0oma_10_369,
https://www.tradingview.com/u/shymaasheta029/,,,https://twitter.com/shymaa08119053,
https://www.tradingview.com/u/AbuRaKaN144/,,,https://twitter.com/aburakan144,
https://www.tradingview.com/u/Engineer-ibra/,,,,ŸÑŸÑÿ™ÿπÿ±ŸÅ ÿπŸÑŸâ ÿßŸÑÿ™ÿØÿßŸàŸÑ ÿßŸÑŸÑŸàÿ∫ÿßÿ±Ÿäÿ™ŸÖŸä ŸÜÿ±ÿ≠ÿ® ÿ®ŸÉ ŸÅŸä ÿπÿßÿ¶ŸÑÿ™ŸÜÿß \n\nto learn about logarithmic trade welcome to you in our family  \n\nhttps://www.engineeringrobo.com/login/?ref=ibra.saeh%40hotmail.com
https://www.tradingview.com/u/wdah/,,,https://twitter.com/wdah_omira,
https://www.tradingview.com/u/bilal-059/,,,,
https://www.tradingview.com/u/abdulrahmanalzhrani/,,,,
https://www.tradingview.com/u/momoelsaid75/,,,,
https://www.tradingview.com/u/S_M_H_A_M_A/,,,https://twitter.com/S_M_H_A_M_A,
https://www.tradingview.com/u/ehabmashhour/,,,,
https://www.tradingview.com/u/qdr24/,,,,
https://www.tradingview.com/u/rayanshow/,,,,
https://www.tradingview.com/u/BOR_2/,,,,
https://www.tradingview.com/u/saqrqurysh/,,,,
https://www.tradingview.com/u/ABO_FAHAD60/,,,https://twitter.com/@P_U_L7,
https://www.tradingview.com/u/Mshari9006/,,,,
https://www.tradingview.com/u/TasiShare/,,,https://twitter.com/TasiShare,
https://www.tradingview.com/u/ABO_AMEER/,,,https://twitter.com/ABOAMEER_CRYPTO,
https://www.tradingview.com/u/iahmedhendi/,,,,
https://www.tradingview.com/u/yusufsalihi/,,,,
https://www.tradingview.com/u/ahmedhany014/,,,,
https://www.tradingview.com/u/almesferabdullah/,,,,
https://www.tradingview.com/u/imadarrhim/,,,,
https://www.tradingview.com/u/fares-abu-ismail/,,https://www.youtube.com/channel/UCAPDMBMOJORrN-D_KYeXK9A,https://twitter.com/faresay1,
https://www.tradingview.com/u/ahmdk/,,,,
https://www.tradingview.com/u/Fatma_Alhrbi/,,,https://twitter.com/Fatma_alhrbi,
https://www.tradingview.com/u/farouqaljumah/,,,,
https://www.tradingview.com/u/aek1ben/,,,https://twitter.com/aek1ben,
https://www.tradingview.com/u/yousefalshameri/,,,,
https://www.tradingview.com/u/Sid_Hocine/,,,,
https://www.tradingview.com/u/SHEFANkAFROSHI/,,https://www.youtube.com/channel/UCETj4kwsELYJEM17OhoGqnA,,
https://www.tradingview.com/u/Azhail/,,,,
https://www.tradingview.com/u/Trading_9ale7/,,,https://twitter.com/Trading_999,
https://www.tradingview.com/u/Ewave/,,https://www.youtube.com/channel/UCtqGkPCOW48eKo2SUNjkQkQ,https://twitter.com/ewavechart,
https://www.tradingview.com/u/Saeed_Alahmari/,,,,
https://www.tradingview.com/u/fxofx/,,,https://twitter.com/fxofx,
https://www.tradingview.com/u/mustafafallatah/,,,,
https://www.tradingview.com/u/Mohamed_Nayef/,,,https://twitter.com/ELProfChart,
https://www.tradingview.com/u/hass2an07/,,,,ÿßÿ®Ÿà ÿ¨ŸÜÿßŸÜ
https://www.tradingview.com/u/Dddddd12/,,,,
https://www.tradingview.com/u/AhmedHassanien/,,,https://twitter.com/forexhunter78,
https://www.tradingview.com/u/sagedalarekaa4/,,,https://twitter.com/sagedalarekaa,
https://www.tradingview.com/u/hamzehbaji/,,,https://twitter.com/BajiHamzeh,
https://www.tradingview.com/u/daajani1/,,https://www.youtube.com/channel/UCAAiE2qMDxRandu02Sgj_Og,https://twitter.com/aldjjani1,
https://www.tradingview.com/u/mrmohammadalherz/,,,https://twitter.com/mrmohammadalher,
https://www.tradingview.com/u/Saafan/,,,,
https://www.tradingview.com/u/ahmadayad998/,,,,
https://www.tradingview.com/u/Nasr_Nafa/,,https://www.youtube.com/channel/UCRxkP8m2gtVXVJThZyQHqGg,,
https://www.tradingview.com/u/CEOmohsn/,,,,
https://www.tradingview.com/u/mohammedalruwaili/,,,https://twitter.com/6ltmlk,
https://www.tradingview.com/u/alimoslem765/,,,,
https://www.tradingview.com/u/alialqarni152/,,,,
https://www.tradingview.com/u/mujahedalqarni/,,,https://twitter.com/mujahedalqarni,
https://www.tradingview.com/u/Nishan22222/,,,https://twitter.com/Nishan222222,
https://www.tradingview.com/u/Dante1_618Alighieri/,,,https://twitter.com/Fractal_Trader_,
https://www.tradingview.com/u/MinaKamal33/,,,,
https://www.tradingview.com/u/Trad-Fox/,,,,
https://www.tradingview.com/u/Shahryar_Ziyatabar/,,,,
https://www.tradingview.com/u/hichem31dr/,,,,
https://www.tradingview.com/u/albadi2020/,,,,
https://www.tradingview.com/u/hassaneltamimy41/,,,,
https://www.tradingview.com/u/MHelkazmi/,,,https://twitter.com/@Mostafa_Elkazmi,MHK
https://www.tradingview.com/u/Ahmed_Nabil14/,,,,
https://www.tradingview.com/u/Maxmeox/,,,,
https://www.tradingview.com/u/ahmad281967/,,,https://twitter.com/Ahmad28s1967,
https://www.tradingview.com/u/bader-Almitairi/,,,https://twitter.com/crptonik,
https://www.tradingview.com/u/mahmoud2500/,,,,
https://www.tradingview.com/u/IBRAHIM_ALREHAILI/,,,https://twitter.com/@fx_goldenfree,
https://www.tradingview.com/u/ALghneimat-mohammad/,,,,
https://www.tradingview.com/u/selesawy/,https://t.me/Stockairways,https://www.youtube.com/channel/UCCj50HaIU8286DjeTcL_ymA,https://twitter.com/stockairways,ÿßŸÑÿ±ÿ≤ŸÇ ÿ®ŸäÿØ ÿßŸÑŸÑŸá
https://www.tradingview.com/u/Ali-Jebbar001/,,,,
https://www.tradingview.com/u/AbdullhFHD2/,,,,
https://www.tradingview.com/u/mas6/,,,,
https://www.tradingview.com/u/hshakir/,,,,
https://www.tradingview.com/u/karimviolaa/,,https://www.youtube.com/channel/UCyZfgBaE3hegRQRWFJ3WKVg,,
https://www.tradingview.com/u/mohamad_abyad/,,,,
https://www.tradingview.com/u/sagger/,,,,
https://www.tradingview.com/u/Mohamed-Yehia/,,,https://twitter.com/@ForexPlatinumA1,
https://www.tradingview.com/u/mhmm14181417/,,,,
https://www.tradingview.com/u/marwan5332/,,,https://twitter.com/abousaleh_1,
https://www.tradingview.com/u/Emad1236/,,https://www.youtube.com/channel/UC0BqbeZdYP33BzjK3OUB4eQ,https://twitter.com/EmadMKa1,
https://www.tradingview.com/u/saudi.manager/,,,https://twitter.com/Mohammedsaudi1,
https://www.tradingview.com/u/Samer_athamneh/,,,,
https://www.tradingview.com/u/albakalimounir/,,,,
https://www.tradingview.com/u/SmartFund/,,,,
https://www.tradingview.com/u/anapoli540/,,,,
https://www.tradingview.com/u/oussamakb/,,,,
https://www.tradingview.com/u/aborawaa1/,,,,
https://www.tradingview.com/u/ali0500/,,,,
https://www.tradingview.com/u/Al-wosapi/,,https://www.youtube.com/channel/UCtTyEVGjSqbJeWny_pIhgew,https://twitter.com/a0554293628,
https://www.tradingview.com/u/actualMoth95525/,,,,
https://www.tradingview.com/u/kerkacem/,,,https://twitter.com/KERBANIB,
https://www.tradingview.com/u/majedsannat/,,,,
https://www.tradingview.com/u/ELKEDMIRI/,,,,
https://www.tradingview.com/u/muhareb44/,,,,
https://www.tradingview.com/u/kfaayh/,,,,
https://www.tradingview.com/u/Ahmed_122/,,,,
https://www.tradingview.com/u/elta56834/,,,,
https://www.tradingview.com/u/fredoom_23/,,,https://twitter.com/ezgertyy,
https://www.tradingview.com/u/stoks12/,,,,
https://www.tradingview.com/u/baseljar/,,https://www.youtube.com/channel/UCk8qhwfkDOatEadK3FM3Ssw,https://twitter.com/BaselJarghon,
https://www.tradingview.com/u/anasalsharyani/,,,,
https://www.tradingview.com/u/Alishaker01/,,,,
https://www.tradingview.com/u/Eyadshalabi/,,,,
https://www.tradingview.com/u/MohammedGPS/,,,https://twitter.com/MohammedGPS,
https://www.tradingview.com/u/KABOS1/,,,,
https://www.tradingview.com/u/badrtriss/,,,,
https://www.tradingview.com/u/AnisEishan/,,,,
https://www.tradingview.com/u/fnfefn/,,,https://twitter.com/fnfefn,
https://www.tradingview.com/u/alaaqnet24/,,,,
https://www.tradingview.com/u/abufaisel/,,,,
https://www.tradingview.com/u/MrEuro11/,,,https://twitter.com/y1s1l1,
https://www.tradingview.com/u/lamineDZ25/,,,,
https://www.tradingview.com/u/Mushary/,,,,
https://www.tradingview.com/u/DRALIAF35/,,,https://twitter.com/Cryptohelp90,
https://www.tradingview.com/u/stredingtp/,,,,
https://www.tradingview.com/u/NEW_IDEA/,,,https://twitter.com/@NEW_IDEA_2030,
https://www.tradingview.com/u/lawmohammed/,,,,
https://www.tradingview.com/u/Rami_Crp/,,,https://twitter.com/Avatarcryptoo,
https://www.tradingview.com/u/rd93939393/,,,https://twitter.com/rd932,
https://www.tradingview.com/u/Aelkhatib/,,,https://twitter.com/@AElkhatibFX,
https://www.tradingview.com/u/DrAhmedAbdo/,,,https://twitter.com/ahmedabdoOo0,
https://www.tradingview.com/u/sofraniDZ/,,,,
https://www.tradingview.com/u/youneszellij/,,,,
https://www.tradingview.com/u/Anwar200/,,,,
https://www.tradingview.com/u/kindEggs60170/,,,,
https://www.tradingview.com/u/taherta923/,,,,
https://www.tradingview.com/u/DR-SherifAborehab/,https://drtradingacademy.com/,https://www.youtube.com/channel/UCqfMKsdKoukmOnmaA_-R66Q,https://twitter.com/DrWavetrader,Group for English speakers:\nhttps://t.me/drtradinenglish\n\nTelegram channel:\nhttps://t.me/DR_Academy270 \nTelegram: @DR_sherifaborehab\nWebsite: www.drtradingacademy.com
https://www.tradingview.com/u/kervanji0/,,,,
https://www.tradingview.com/u/Abo-mohammed-q8/,,,,A_3
https://www.tradingview.com/u/AnaKingKong/,,,https://twitter.com/AhmedHakimTV,-----------------------------------------------------------------------------------\n*Ÿáÿ∞ÿ© ŸÑŸäÿ≥ÿ™ ÿ™ŸàÿµŸäÿ© Ÿàÿ±ÿ¨ÿßÿ° ŸÖÿ±ÿßÿ¨ÿπÿ© ŸÖÿØŸäÿ± ÿ≠ÿ≥ÿßÿ®ŸÉ ŸàÿßŸÑÿßÿ≥ÿ™ÿπÿßŸÜÿ© ÿ®ŸÖÿ≥ÿ™ÿ¥ÿßÿ±ŸÉ ÿßŸÑŸÖÿßŸÑŸâ ŸÅŸä ŸÇÿ±ÿßÿ±ÿßÿ™ ÿßŸÑÿ®Ÿäÿπ ŸàÿßŸÑÿ¥ÿ±ÿßÿ°
https://www.tradingview.com/u/forsakenLizard35943/,,,,
https://www.tradingview.com/u/Laura_A_M/,,,,
https://www.tradingview.com/u/bandr7rbi/,,,,
https://www.tradingview.com/u/ninioo9/,,,,
https://www.tradingview.com/u/tahan122altahan/,,,,
https://www.tradingview.com/u/mbedaiwi2/,,,,
https://www.tradingview.com/u/fahode1991/,,,https://twitter.com/fahodeiskandar,
https://www.tradingview.com/u/mo4302384/,,,,
https://www.tradingview.com/u/MBTrade4/,,,https://twitter.com/MBTrade4,
https://www.tradingview.com/u/SajjadRiyadh/,,,,
https://www.tradingview.com/u/Keep_It_SimpIe/,,,https://twitter.com/Keep_It_SimpIe,
https://www.tradingview.com/u/khelad/,,,,
https://www.tradingview.com/u/Bo-dyaa/,,,https://twitter.com/1681GOLDEN,ÿ®Ÿàÿ∂Ÿäÿßÿ°
https://www.tradingview.com/u/Sab_555/,,,https://twitter.com/Ibrahimsab110,
https://www.tradingview.com/u/salam912/,,,https://twitter.com/salam912,
https://www.tradingview.com/u/asd25727/,,,,
https://www.tradingview.com/u/mohammedalfarra/,,,,
https://www.tradingview.com/u/Ali-ALBARRAH/,,,https://twitter.com/StockMarket1987,
https://www.tradingview.com/u/baalrooba/,,,,
https://www.tradingview.com/u/HashimThaeer/,,,,
https://www.tradingview.com/u/hany_maher_75/,,,https://twitter.com/Hany_Maher_75,
https://www.tradingview.com/u/KINGOFPROFITS/,,,https://twitter.com/nm_mouslih,
https://www.tradingview.com/u/Hail_Alsufyani/,,,,
https://www.tradingview.com/u/CryptoFHD/,,,https://twitter.com/CryptoFHD,
https://www.tradingview.com/u/semozoro/,,,,
https://www.tradingview.com/u/bkir1998/,,,,
https://www.tradingview.com/u/basharalasfour9a85eb1312d14d7e/,,,,
https://www.tradingview.com/u/YSF-JD/,,,,
https://www.tradingview.com/u/saud1/,,,,
https://www.tradingview.com/u/Khuri07/,,,,
https://www.tradingview.com/u/moukrim123/,,,,
https://www.tradingview.com/u/7a7a__wawa/,,,https://twitter.com/7a7a__wawa,
https://www.tradingview.com/u/khaledalmousawi/,,,https://twitter.com/Crypto_q8y,
https://www.tradingview.com/u/mohammad-alqhtani/,,,https://twitter.com/moham_m_q,
https://www.tradingview.com/u/alhir/,,,https://twitter.com/alhire1,
https://www.tradingview.com/u/eyad_shalabi/,,,,
https://www.tradingview.com/u/ArabCrypto2022/,,,https://twitter.com/CryptoArab2021,
https://www.tradingview.com/u/dhoooy/,,,,
https://www.tradingview.com/u/saqersafer/,,,,
https://www.tradingview.com/u/Abdullahalmtab/,,,,
https://www.tradingview.com/u/humoodkattaf/,,,https://twitter.com/humoodkattaf,
https://www.tradingview.com/u/SinerjiPortfoy/,,,https://twitter.com/SinerjiPortfoy,
https://www.tradingview.com/u/crashmutdawl/,,,,
https://www.tradingview.com/u/chafiq7/,,,,
https://www.tradingview.com/u/midofx/,,,https://twitter.com/aribimoha82,
https://www.tradingview.com/u/cheaperdo2019/,,,,
https://www.tradingview.com/u/jreeh11/,,,,
https://www.tradingview.com/u/xxii308/,,,,
https://www.tradingview.com/u/aa11aa95/,,,,
https://www.tradingview.com/u/aldaheyah/,,,,
https://www.tradingview.com/u/maryoforex/,,,https://twitter.com/maryo_mohamed,
https://www.tradingview.com/u/FAHAD1716/,,,,
https://www.tradingview.com/u/TasiTrader/,,,https://twitter.com/RangeChart,
https://www.tradingview.com/u/haitham3804/,,,,
https://www.tradingview.com/u/hisham102/,,,https://twitter.com/HishamRshad,
https://www.tradingview.com/u/Sherif-Mohamed/,,,,
https://www.tradingview.com/u/itahmednour/,,,,
https://www.tradingview.com/u/aboodmsaie2000/,,,,
https://www.tradingview.com/u/Abowleed/,,,https://twitter.com/semo393,
https://www.tradingview.com/u/essam55/,,,,
https://www.tradingview.com/u/mphahad/,,,https://twitter.com/xmphahad,
https://www.tradingview.com/u/LumiloX1/,,,,
https://www.tradingview.com/u/abdellatif2006/,,,,
https://www.tradingview.com/u/ELziny/,,,,
https://www.tradingview.com/u/Alimansour/,,,https://twitter.com/@arch_alimansour,
https://www.tradingview.com/u/akrmelo10/,,,,
https://www.tradingview.com/u/aljuony/,,,https://twitter.com/aljouni,
https://www.tradingview.com/u/AboYassin/,,,,
https://www.tradingview.com/u/MAJDNEHAD/,,,,
https://www.tradingview.com/u/aHMADsALAH/,,,https://twitter.com/AhmadSa64892389,
https://www.tradingview.com/u/tec1edu/,,,,
https://www.tradingview.com/u/Samer_Krema/,,,,
https://www.tradingview.com/u/rccgaza2020/,,,https://twitter.com/AVaTaR_AD,
https://www.tradingview.com/u/Ksa2020/,,,,
https://www.tradingview.com/u/Ahlam1987/,,,,
https://www.tradingview.com/u/mnam555/,,,,
https://www.tradingview.com/u/alattar88/,,,https://twitter.com/alattar_mohd,
https://www.tradingview.com/u/Gov0sa/,,,,
https://www.tradingview.com/u/user238817/,,,,
https://www.tradingview.com/u/mustafaalnajjad1/,,,,
https://www.tradingview.com/u/agmaleldin/,,,,
https://www.tradingview.com/u/tamer_zakaria/,,,,
https://www.tradingview.com/u/ayhamhhh1/,,,,
https://www.tradingview.com/u/Abooodu/,,,https://twitter.com/Aboodu44104754,
https://www.tradingview.com/u/tariqaloufi18/,,,,
https://www.tradingview.com/u/ABDULLAH_ALMANSOUR/,,,https://twitter.com/@q8zrzr,
https://www.tradingview.com/u/besi231/,,,,
https://www.tradingview.com/u/yhotaibi/,,,,
https://www.tradingview.com/u/MohammedMukhtarBash/,,,,
https://www.tradingview.com/u/amrgg/,,,,
https://www.tradingview.com/u/oommaar3/,,,,
https://www.tradingview.com/u/Musab_Dawaghreh/,,,https://twitter.com/memo_dawaghreh,
https://www.tradingview.com/u/madawi/,,,,
https://www.tradingview.com/u/Abo_Norh_trad/,,,,
